id,label
b48c962e0,0
a13d3dfa4,0
94269c190,0
bcb18c6e4,0
d15a4d94c,0
914b0e71b,0
065c9b5be,0
dd8b1aaca,0
8c39d1b41,0
e2fdce920,0
3af4c8105,0
2c73bd62a,0
9e4dee17e,0
6d75535dd,0
a71e2481c,0
7d9caf815,0
a31b18ea9,0
28bab70cd,0
5954973f3,0
441c13b73,0
0f340c3cf,0
cd16a306c,0
75e6b445c,0
6429d59a3,0
5184d47b8,0
4fc561f03,0
43b2ec735,0
aca9ab734,0
5607b2020,0
93efa8927,0
e71ab3905,0
b1041fc0d,0
6fcfa47b3,0
2118eb37b,0
dde1f48c9,0
c1ed4ef6e,0
063528d00,0
de8795ddd,0
26d1f0e73,0
f56f35811,0
698eea745,0
1dae04aa5,0
15409e0d2,0
f437c8815,0
f04b99dcf,0
ebc7ae3b0,0
ac114952e,0
0667667be,0
f1b2738d0,0
589fe7959,0
97ccf888c,0
6ef0b83d0,0
3ca2ee97f,0
e6e68b7da,0
0c3ae4377,0
c86b6ee78,0
c8baf7ea1,0
0eb530d0d,0
e0bf00d7a,0
23620cfdf,0
e33bff353,0
04a7f34aa,0
74f0d70ef,0
cac4474ff,0
1d24f052a,0
a078d515d,0
4ca32d7d8,0
87c39a44d,0
035f7cb0e,0
eea95e8a8,0
68e87d794,0
a8b46288f,0
db9eca137,0
e576b00a5,0
70e6b4f07,0
bca706d7b,0
2a0a2ea23,0
eb64f3c3f,0
2198f8dae,0
a5d4584c3,0
8e59ed760,0
3eaf5a947,0
500c6294c,0
5622bbc0c,0
26844c8f3,0
2a158f54c,0
ebf692344,0
1c5a3287d,0
7a6ba7fc8,0
b0f2342ea,0
2e0dbcfbb,0
b94381f7b,0
ac28e9c47,0
c18fddc3d,0
462eb88e2,0
9e7060f60,0
afa3fc6ce,0
8e2bff6c6,0
b27c04f88,0
f61465618,0
a6dbbc248,0
d93bfff1d,0
79cde037e,0
c9cb86f46,0
24cc36b04,0
946f97527,0
24526b077,0
f421c6ffc,0
ba2d603c3,0
f92de8523,0
14ffc1505,0
9b9dcd9c2,0
a3d8cc563,0
2dba0571f,0
ce97c8026,0
6ec67346d,0
3d4a5ad3e,0
bed5e7833,0
a5ae66568,0
e8978b192,0
e9b9e8a26,0
b106e1623,0
4a41ae5e8,0
71a787fb9,0
43975ba66,0
f21bd29f5,0
b25179fca,0
85d27a16a,0
0b027c740,0
8ab688113,0
af8f3cceb,0
cc9d66275,0
48689d750,0
c515db368,0
f8933e5d2,0
68e8b6b9a,0
c0fb3bed8,0
818253773,0
a0faa7276,0
702b7fc70,0
e9a53e9fa,0
8ef339ee7,0
4955fcb53,0
7eaa17466,0
0b624f751,0
8073355bd,0
ab8add1c1,0
4cc87897b,0
1d1f028b2,0
32bd3826f,0
57b90f0d7,0
fe824e9b2,0
a405112f8,0
9ebc88cdc,0
9a8d29f7b,0
75d255458,0
aa5c575fd,0
4ea0a3352,0
aa8eef48e,0
6a63a8764,0
8faa5deef,0
d60582d88,0
b4eb26098,0
4d20e5f0e,0
eed32e9a6,0
85f511409,0
e178e1fbb,0
f9731b808,0
2b1ceb24c,0
6ca8991a6,0
f21f7aba6,0
ad62f8d41,0
1e9cf8264,0
9704969a7,0
9a6e4aacd,0
f2db90ee7,0
750bae291,0
ef123cabd,0
2fa8f8b85,0
61b1040d7,0
aaef221e7,0
36f02d6c2,0
1c435d13c,0
597beba89,0
70cbc35a5,0
eaf6fbc84,0
bd0d92568,0
2772dab8f,0
7723a9059,0
be3873f5d,0
a51abdf4f,0
e6135dd8f,0
e3d055215,0
5bc1503a0,0
006afe0ef,0
fb87ee5a3,0
f9de43fb7,0
aeb1a52fc,0
53cf1033d,0
39e216b40,0
d6fba1863,0
359c8a8bf,0
b9ff3b500,0
13c92db23,0
50df03fb2,0
341b65192,0
1c4736dea,0
260517e44,0
c3194a1e8,0
deb571149,0
2bf06cd03,0
e4f8cae75,0
315a148f3,0
48bf5c6c5,0
ec51d8607,0
f18412796,0
25f594d35,0
79423d8e8,0
8a904fdea,0
8d4598be0,0
42b92a427,0
4bbb6638f,0
477aa8655,0
4c4c216fb,0
23ee9f44b,0
72f51631f,0
53fb48abe,0
2b5d0e5c2,0
c0a83f8bf,0
195bacee1,0
8eed96f65,0
c0de46b28,0
ebb1d9137,0
6821046ee,0
5b229190a,0
0251a7082,0
0c79ae44d,0
92c92500a,0
4479d35f0,0
f809ac529,0
2cfc6468e,0
7c30e1a81,0
ea32570af,0
f8b20dc7f,0
bd049d019,0
c85a1d564,0
8935eaabe,0
92a289926,0
910b97274,0
2cdb115b6,0
7d3786848,0
26d1c3498,0
40da3a46b,0
3b79d913d,0
9ca5d93d0,0
4d05e9395,0
fc6b8b594,0
9989acdc6,0
eb0a53a24,0
374c54182,0
dcb79c93a,0
30e522542,0
47f47a868,0
8e390cb4a,0
976e6375e,0
577a972a4,0
9dfd91c6f,0
18e4061dc,0
b738a5ab0,0
23253eaed,0
6939eb499,0
964412965,0
a564e4f51,0
3c4dd2705,0
be007fe7e,0
03edb6308,0
2ca0a45cd,0
411394fae,0
22207b7e5,0
ef799e46d,0
4863d1e67,0
b022bab0f,0
6a1f788d6,0
0a159c5f5,0
eb6dbc774,0
b1adced44,0
d25115245,0
b86044a66,0
625ea352f,0
de882d4e8,0
c1553af6a,0
2e21540ac,0
46656822b,0
048fe3ca8,0
f7f17ae72,0
687997bb5,0
3231b476a,0
20b4cff1d,0
4e933f65c,0
1c4a00029,0
c0e7198e2,0
b2d223ece,0
333b45bf1,0
ee40fc4e5,0
bf3116d78,0
c54530ff1,0
805a4dfb6,0
118a60f12,0
330cc9d05,0
3552b2954,0
90956475c,0
57bbb106e,0
046b83571,0
b0e07a930,0
778c53136,0
690f47487,0
4e3b3b3cd,0
505472dd2,0
6d7ff30b8,0
e955870c5,0
cb225cfe6,0
e64905c2f,0
11b363237,0
3a6847333,0
a5566ef23,0
26bfb56fa,0
aedb03983,0
1b0d7769d,0
486715238,0
9679190dd,0
a5d301249,0
f05894941,0
c6ce2c1ae,0
95ca52d65,0
7859791b2,0
b547b5949,0
9403b3f86,0
5bddd9a50,0
535695fe2,0
c3f6cd0e0,0
e9a2109c0,0
bc2795b7c,0
ee3c0e393,0
b4663783a,0
00e3084c1,0
e14129a0d,0
fb60964fd,0
35f0035c1,0
3ff83ac2a,0
19248ab83,0
1eabd5622,0
7bc968caf,0
41cbb748c,0
a63f52d9e,0
caa9982e3,0
e7bda0661,0
d483748e6,0
0cea1df9c,0
58ff8f465,0
ef26ad662,0
ce934c0dc,0
62c459f66,0
f616c93fb,0
ed601a04f,0
2e494a369,0
d17ef4e5e,0
b87d8fec4,0
0a383f1bb,0
7dc21298b,0
f0f03b04d,0
a68584f39,0
142929b13,0
87de4333d,0
6d61341a8,0
5629fc992,0
5dac2f949,0
8c434769b,0
83bb94c90,0
241a96f41,0
147c34f21,0
95f734b2e,0
64e5e148e,0
d1993c898,0
565242c3b,0
0dc507ad4,0
b260d939d,0
61f976a63,0
f89a5307c,0
15ef197c6,0
88fdcd071,0
a67c5bc5b,0
57af706df,0
2e1a7e4a8,0
2dfc47c2c,0
2043fd8b7,0
721e72651,0
551f3af3f,0
f87390b13,0
9f69713aa,0
3f3280fd7,0
f10545931,0
88621ac35,0
f0da19dfd,0
b1fd7a2a2,0
467025843,0
b3541d83a,0
f0e6a679a,0
d982b80ea,0
6a2552916,0
d8c46cf4b,0
b983a51bd,0
16c7a397f,0
0a4ddf5c2,0
6144fcc9c,0
897a2400b,0
f281ef28e,0
bcb73b724,0
9fe8be4ac,0
e68152d61,0
a1d2cd9b9,0
c4e7f3aff,0
735783bb8,0
66cf381b9,0
d4bfe24fb,0
fb02c411b,0
515ccfe7d,0
0de5f6578,0
64a1bdd75,0
bda7820cb,0
4adcfb275,0
407b393a9,0
cc3b595bc,0
f62c0973f,0
c3af619d3,0
fa43f67ed,0
4fe029378,0
e6798651a,0
8f9a206cd,0
1b07b0a53,0
4ea7f54f5,0
bfdf112fe,0
155727e57,0
26b07058c,0
69bdf9905,0
8872018f5,0
116b7f1b1,0
2c8b6d457,0
b731c25d6,0
e8475ad43,0
ce72a44fe,0
274f4bd2e,0
393d8efdd,0
da4c0be52,0
5245d1288,0
5a80d4beb,0
245d80d97,0
8893d08a2,0
5f274a6ad,0
2b403205a,0
cb3ffeb02,0
026d4082b,0
b5fd782ee,0
7eaff7aff,0
48b84677d,0
4208f72ba,0
cffa0410e,0
57c0bd843,0
028852549,0
8899f1bd1,0
8b4b27e9e,0
f3c88b910,0
8d53d2814,0
2a914ceb8,0
f1b4ba5bf,0
81d39b116,0
093f50986,0
e1499d78e,0
bb88f386b,0
dd959de66,0
d4c0f8a5a,0
5b1353d71,0
0d97ef626,0
812b38844,0
f6c766f77,0
51507f7ff,0
3f36a62d5,0
a9855f136,0
8b7fbfa1a,0
76bb433ee,0
8cd1b6545,0
a8de792e9,0
3ef916a55,0
2bf69c9a8,0
563a8d7df,0
1cccba04f,0
cb80e17f2,0
97b3e2eb1,0
1837b91e3,0
629160ccc,0
e45a03866,0
408db7399,0
05e218a53,0
c77e635e6,0
1314201bc,0
6e60eef45,0
d3f044336,0
58379dae0,0
7e512d140,0
7c2d22784,0
bb1e822e8,0
13330e605,0
38331a6e7,0
691acc46f,0
d5b91872e,0
0e6cad3b3,0
355abfa16,0
5e0da2b1f,0
18ca651a1,0
ef21b581b,0
c5ab18c87,0
3d7e6922e,0
f811b7fa3,0
c232077ef,0
c245c24bd,0
f4c6d5b0d,0
33f20f40b,0
f8b87bb44,0
dd14b70c4,0
ae78a484f,0
95e7165a3,0
5464a7e4b,0
0aeacb28f,0
8a4293e72,0
b52dcfa52,0
754eab3b5,0
7e25fdd6e,0
f033adb55,0
6074e6638,0
0a38b5a6f,0
6ad636b14,0
179aa8d61,0
33b9d73b8,0
a45f859f5,0
7c734cbb4,0
2fafd906d,0
44d4d79f1,0
9824cd034,0
0542511ad,0
e70be746d,0
808071b96,0
978d9e4ce,0
4b69e4daa,0
0ed0741d4,0
7cb805a4b,0
49add67af,0
d482c8cf2,0
4994522d9,0
e1e7f8c61,0
610314687,0
b811b25c9,0
911ecfaec,0
42e378280,0
8f7576edf,0
3f4d7610c,0
ba9e33af2,0
eda20ddee,0
c82e8a869,0
832b85df9,0
c2915a59d,0
32d710e55,0
6d8432929,0
0c7c4d0a7,0
e82201f68,0
df17daf47,0
88735317f,0
2c2ffb258,0
464ee7908,0
bdccd8d94,0
7afcf9660,0
b4f324422,0
8c7950b1e,0
657464c72,0
4149127b2,0
c145a87d1,0
8a428ab24,0
23a39f766,0
39df767ca,0
c563c699e,0
0b982469b,0
7d5d89bf4,0
0b75f1f48,0
0698ae8e2,0
06d517e80,0
8d2b32b02,0
fef98a71f,0
405bb5363,0
147e5ef99,0
e557fab37,0
cc0db3719,0
cf1fb187a,0
19e44b02f,0
0a7989f52,0
bd6862590,0
b82ecce8e,0
42ec55913,0
d35565c6c,0
097dde704,0
4bd6a1f9a,0
b8bfa2b50,0
f77e765b4,0
517ed388b,0
31ad8f4ab,0
570029ba3,0
6ecd0b17f,0
329d815e5,0
5ea36cf54,0
bf7e00572,0
c87c12901,0
dc2ff7073,0
fda794abb,0
8fa62ef13,0
06bfec1b7,0
7273b1c6e,0
68caf79b9,0
d9d483387,0
e68ff576e,0
a388602fe,0
24be941cd,0
9a1e64ece,0
d146e8595,0
ae6ab4563,0
f34e6c4db,0
4bf799dba,0
a829407c3,0
bd1dbe4ca,0
aa560af38,0
b59846a6c,0
4bfdf517d,0
609230590,0
28b08d407,0
6575f6563,0
192bbbbda,0
7f0c3fad6,0
a4513ca36,0
c8cacb55a,0
9dfb86d81,0
f14b84f95,0
ec6b3bff4,0
757e27b6b,0
8f7809cb4,0
150643baf,0
413305146,0
47664da16,0
587e44cea,0
7e8b191e8,0
edf6883b2,0
c78e06bc9,0
529e8c1cc,0
3522d5b4e,0
2ddbb0f83,0
875d61521,0
3dd834459,0
924218498,0
ae8e8b50a,0
059ee98dd,0
7059b2c59,0
6ee6d6c48,0
cf3bba4c2,0
8cccd4aa7,0
32aa8548d,0
edc3e9332,0
704dfd7e8,0
d1edcd33e,0
4f5a0a2a6,0
d228d4fca,0
c46b163d8,0
d970c4ffc,0
837a91c2e,0
101970f4e,0
1b7aef8e8,0
94cf9944d,0
5ac5273a9,0
5e6e5030a,0
f5aa796ed,0
563f7b16f,0
8cb48a7e4,0
c323bee87,0
9c158e3c6,0
5df38050a,0
f38fe4cef,0
a1a26657a,0
9b444719b,0
4abbf6ecd,0
6fd484575,0
7405dd1d5,0
80b87cc06,0
509570780,0
03091fb7a,0
7d32579d5,0
4a99afdbb,0
21c09e349,0
be30d241b,0
07550addf,0
985c8a491,0
4831ae48a,0
789f0394a,0
7e8d0ab34,0
8967f7f3b,0
f85c3cd52,0
c1f7fad28,0
88e754f35,0
064d949d6,0
a666bcc36,0
3dd3823ba,0
346182497,0
7f4a2f594,0
41dddedd7,0
aab7f897d,0
374452b3b,0
97947bb82,0
08820c254,0
00c12e4ff,0
11b0ea314,0
c337a455d,0
303979023,0
cfebc1eb9,0
c2b8d96b7,0
a7bb097c3,0
abf7ceca6,0
7bfaa6c93,0
32d9fa7d1,0
69a3de639,0
e0151da58,0
42d890962,0
346d6fc1c,0
ac3ed3cb8,0
c0edbe84c,0
9ba782fba,0
59c2eeeb0,0
5e0e038e0,0
d4c65214c,0
f4dd28145,0
a794b05cd,0
6c80cfb8c,0
e210dc4ed,0
f69e60044,0
7ad932a97,0
6348a7b61,0
65b44f1fd,0
2c54bc2fb,0
eedc4e2f1,0
3accec78a,0
b846a9ee6,0
f51e1baf9,0
3406f987f,0
5b87d8d4b,0
eaa6a3f7f,0
8515fa3ea,0
4f21ae7b6,0
93cdaddc1,0
7db7456c8,0
993b3757b,0
ec15f805f,0
f58f83775,0
7a26fec2c,0
3cade7849,0
61f237fa5,0
8f215711b,0
39902d722,0
058cebd78,0
e1d48d997,0
24ca41300,0
c54d38d9e,0
07b9edd52,0
d92df455f,0
91b98c869,0
3e043e76d,0
5b0a35493,0
1e2c7b899,0
8b11c130a,0
2d3ea8986,0
01a3fdd52,0
1c8c53577,0
dd33d59f9,0
aeb67eefb,0
b2a655d89,0
038c1315b,0
23e9b2025,0
d2e838de1,0
ee578c08e,0
2545ad929,0
26a12de02,0
b10193db4,0
6d984df89,0
b7c137651,0
d503d72f3,0
dafe76eea,0
5c71c2638,0
b25c080d9,0
9d56168f2,0
ec3f90c05,0
4ac812558,0
979be015f,0
fbfd9cd87,0
7c1a6e1f0,0
d16d34784,0
d8f81ecea,0
b8a90ad87,0
5e4a5b406,0
ee3c66211,0
270611007,0
9aea1d3b4,0
52491f753,0
fd25ed5d2,0
cc7981c1e,0
d0b48815a,0
01cf43e0a,0
2f2b2a1f9,0
2d64f0901,0
3e17385dc,0
19e239913,0
19d5edc51,0
3b9e7a8f5,0
316c28a80,0
2c6e87c72,0
341eee5b2,0
eec3f5ce2,0
0dbbde2b4,0
9000b5760,0
9cb714943,0
266776fdd,0
ad60c3571,0
d83b8cc1f,0
0dce2cb5c,0
e611f94be,0
209e45144,0
d9111ad4b,0
f50873a8c,0
95b5120db,0
d0b1e24e9,0
cb4330abd,0
0d27bbb79,0
4b6dff5e4,0
738989c7d,0
a91426ca4,0
2e31631e4,0
a249400b4,0
4ff518045,0
4d178a6b4,0
54c0482ce,0
052d2dde2,0
2c2579451,0
d1cfb6a0d,0
c11e44cde,0
5a5cc97ec,0
a5c902dab,0
fdf7c8fe5,0
0fde7a334,0
4b9e61e38,0
1caf8b7dc,0
1951c5fbe,0
011d32580,0
661307d74,0
0354bcfbb,0
738af3f29,0
dd1e506e4,0
8b85ecabc,0
79335a465,0
9a411636d,0
38f6562a3,0
e34bf0fa4,0
891e42a88,0
07803a6a2,0
4d4c87a41,0
ef6a25c92,0
f8bffd3d7,0
8693ef6b1,0
36a261537,0
2b5c4fa01,0
7c856ad41,0
eb92d9778,0
d8a5ce5ff,0
416b038b2,0
8df7f4638,0
537f3aa34,0
4bd5d4982,0
6a3e093a7,0
da2d31c98,0
161acbde6,0
6d822303c,0
72d528c13,0
03a46c116,0
bad8d3e9f,0
d59fc6634,0
2542212f7,0
2a9af9154,0
155f68180,0
7d0e16879,0
8012c6779,0
0bc95b595,0
34c4cf37e,0
80e758118,0
0ec158f7a,0
22cef13f0,0
ac79edae6,0
6e3c0fddd,0
3ffde4543,0
97d3f3707,0
87020b1ce,0
15c5a0a46,0
62eba5d4f,0
2072cd9f3,0
b067fabd8,0
2af4172c7,0
c9e727ec7,0
1557e4b6e,0
1ef426390,0
a5988f75e,0
4cf1de29a,0
ac67924f9,0
c5b5ecb0d,0
624d36ae0,0
6521bc49e,0
e3bdad3bb,0
a0affbd33,0
cfdfb9028,0
878e5d725,0
3294a097e,0
a97f64861,0
b078f662b,0
d37745aae,0
6a0b33f79,0
2d6826d81,0
664ab3455,0
39c56af7c,0
1ee86a298,0
b909de36d,0
94b493650,0
116dfb5a5,0
2f0b8155a,0
743c74763,0
b0d928a20,0
daa767533,0
5bc1ab931,0
ece8721cd,0
ec7f6d106,0
6e4cea791,0
2690d9568,0
842be06bb,0
58a01b39d,0
1d808a2d1,0
70f9d13b9,0
22bca0aa8,0
ce6b42efc,0
719aed16d,0
8e1e85931,0
950a866ca,0
79c44e828,0
1f2eca93a,0
57abd6d16,0
daa970cd3,0
875d12d36,0
53f2f97d2,0
b12c4cea9,0
5f22d82a2,0
5628f5deb,0
8925b37f8,0
30da0fe81,0
4eac8e323,0
a3b63b1f7,0
dd33bfef9,0
ce53cea31,0
94db73148,0
8d9213283,0
7a660b9f6,0
e0a96117b,0
ad6d4b44d,0
37bd7591f,0
44a477145,0
246798d36,0
d69c942d9,0
9ff26d18b,0
2688f98e3,0
fab2df372,0
edc4bea12,0
bcde05c42,0
b26f33224,0
50fcaf0ed,0
9fc75b12b,0
4d9a5c0d6,0
ad82b1ba6,0
8b01cbd62,0
a11aaec4d,0
92aea1584,0
75bbc4353,0
eaaeacd1c,0
f3a8be142,0
a0925df64,0
6461cf7f3,0
8e412c7e5,0
025c07b54,0
3a17f07b0,0
fcc54c894,0
9e4e812df,0
0a71ab4c3,0
33332272e,0
5a2911399,0
ce6303fec,0
e8993867e,0
f68529efb,0
4c184156f,0
a0e86b0b1,0
8fd2c007f,0
58e9042e0,0
6e7629a9b,0
8556f75dd,0
31f2e5155,0
06631da4c,0
9d8d14332,0
9f4b942ff,0
1beb08caf,0
c980fa8a5,0
23f8fc3d9,0
bce769fa0,0
6b8989275,0
35659b2ff,0
d5bb1b0c8,0
f9096c83a,0
0208143a9,0
4f8a37fb9,0
c55a2af2f,0
700fe6ff1,0
e9564dc47,0
42ed99f8b,0
0a5f90dd1,0
e23369e1c,0
6e1842cc3,0
48d8779bd,0
54b444711,0
85c2ca274,0
485e088fd,0
d278a4f7a,0
e56f9fd6f,0
d539aadae,0
4dccae9a1,0
5f91412c9,0
2a499fa40,0
1749a6a95,0
85e1dd858,0
f6f0e3d49,0
8571d6622,0
c8bec0f66,0
2b3d7a7da,0
20e16a0b1,0
73acd2065,0
9a9c151f2,0
a030b3e71,0
4dfdf7a8c,0
5554ae705,0
c762253a3,0
2cc73c0c9,0
97a476deb,0
d5b001638,0
39e40cdd6,0
9d051fef4,0
61ef56738,0
a1c8de469,0
536c83e57,0
854ca7f47,0
0993a96fb,0
8f01b1034,0
333beeeb9,0
cd15074d2,0
4cf202ebb,0
7864cabe3,0
11f448738,0
034ef87a4,0
6b57e5a58,0
e7661164a,0
754cd2605,0
943e13c28,0
47ac366b7,0
ff30e8b96,0
6cbca5559,0
ad81d29a9,0
2bddd2904,0
02b01a158,0
27ba808dd,0
009b39e15,0
9881c6363,0
e4d72ce27,0
bf54b2c66,0
6e08cae12,0
cc9db3d3f,0
282e04df1,0
9eaf1170e,0
3f39dac7f,0
de23c5486,0
9617ba69c,0
ce2335977,0
832e7cf1f,0
d56664e9d,0
170517f38,0
151d03177,0
7bed881d2,0
78d30a479,0
5817b58d8,0
7d04df1ca,0
c071b59c2,0
824eae734,0
8b5155f07,0
07a4b0444,0
5d23a793d,0
856a55f6b,0
96d8b0c1d,0
a64d32c6a,0
4198fad68,0
ba635bb61,0
fb532209f,0
6c6ba5d80,0
d30a6e9e5,0
476283f9c,0
5f4162c42,0
ad82ed1ea,0
64a00a8a1,0
383e2e03e,0
dce29c03a,0
469301bcc,0
7530384bf,0
5c2b3adde,0
8b2742145,0
a5a71637f,0
8fb591dd9,0
0c076890a,0
6e3ac91be,0
3987e3d8c,0
202b90ad1,0
7b7cce651,0
33ee9899d,0
b507ebc7c,0
2c69b633a,0
58f68539c,0
ce0668511,0
00f05ea9e,0
c624f43f9,0
88e6ef51c,0
a7756b411,0
d907ca7c0,0
683e58330,0
5227d80bf,0
94ef8e44e,0
c1e7e7867,0
ed127c922,0
ac1c8b1a1,0
378c2a70e,0
f8326b046,0
ba49d2dda,0
f696ea622,0
352d983b1,0
744730d4a,0
19f18eb63,0
165378703,0
fb9520cef,0
74eb03c19,0
a29695033,0
111223138,0
7db868b36,0
8a48a97f2,0
7e4a5d836,0
c1390c263,0
3c36c119c,0
71525c500,0
75e80fdfe,0
9a4c23eeb,0
056767c8c,0
e256b0ce1,0
d9cb87ad0,0
dd613b9f2,0
3c5f0c3b4,0
a086b2043,0
055ca7ae5,0
012f05d4c,0
73d138dbe,0
f424ad351,0
3acfb71f1,0
e161af94b,0
bf711d50c,0
4719dfcaa,0
05b14593a,0
1f411d101,0
9428dd133,0
cf9cf9368,0
0693e839e,0
74f1c073c,0
855c94fc9,0
56697962e,0
5b3739564,0
68cd38577,0
0afbefa46,0
6d260c2c4,0
a15f2da3a,0
91a2ba8ab,0
79f507d4d,0
61e87e199,0
36444082b,0
0e5e79e60,0
5fedd16b9,0
2e0bc183b,0
2d46aba06,0
51493dac7,0
d5c5cde4d,0
3b58e0b0b,0
12fdb3200,0
78d30851d,0
f83e299b4,0
1e28c6a4e,0
a048044c1,0
a8740586a,0
2dc55fb57,0
c1c4b2105,0
5d4811c9b,0
f0efb6c04,0
a6e42d0ec,0
c615baaa2,0
5d0017929,0
8a89d3315,0
7d1005a2c,0
78dbf0e31,0
6bcdb2495,0
ad494795d,0
2c05dd6e0,0
9d13c547a,0
df88a9d81,0
558548e53,0
317c8b0f1,0
c354e0d67,0
9eeefb070,0
4bb5dba59,0
afd56596f,0
71c31d4be,0
9e4d41ad4,0
c9e27d0e3,0
a91c62b42,0
25b587ccf,0
1bbceba89,0
35396fb82,0
b9a264608,0
4c4a8848a,0
2476c4270,0
3aa882bbe,0
03c4126b4,0
2bec0d2ea,0
5fdf59f6f,0
0cc1eccf5,0
ff5fdbd84,0
0313b9d4d,0
5567bcd26,0
0e5ddc603,0
fb91caf96,0
e2c4e9c91,0
30d9b6204,0
cc6a65411,0
b9231d9bd,0
44e4c1b98,0
730d2b0f4,0
4f14ea184,0
a0277cf50,0
d4362cb73,0
0623719c0,0
457ef8195,0
b8bc9b3b2,0
d9924befc,0
5eab13f01,0
30802b47e,0
462e25ba9,0
c2b3daa2a,0
1c08a7736,0
582dd5eb1,0
284fc118f,0
1a40b279c,0
4a9f824f6,0
fb4b0daa2,0
801d0d3c3,0
5e5672257,0
e64bd2b5f,0
073a72a81,0
ecdb603e1,0
550290aaa,0
a3160e2c1,0
0119427db,0
d390d32c0,0
e416c112a,0
62a7c181d,0
db86084d1,0
9bef7aa96,0
fa53d140b,0
b57dfb28a,0
b134d8c5d,0
4c5a20840,0
4500b8a44,0
65f299d4d,0
5083ce580,0
6be94f8cf,0
09bc0c309,0
3bccc9014,0
8c5ae49a8,0
55da8e5b5,0
fab4eca91,0
9ed125a83,0
fac66356f,0
32bcd07f0,0
22a46a27e,0
48c96bd6b,0
d852da76f,0
7ca677dde,0
72e6df7f4,0
c50ca0af5,0
e690ff8ae,0
60372c4bb,0
de8fd4020,0
d2ce72fe0,0
bf4bc1677,0
039b15a83,0
394eed0ec,0
35c39adf1,0
79c1a3d97,0
088864629,0
0d5f19588,0
4b8a4a3da,0
64803f8fa,0
250f0fa92,0
1c5dacd9f,0
6f12632ac,0
b2982bed5,0
1b54ef9a0,0
0a117eab6,0
98f577627,0
1375fd010,0
f9d24e47a,0
ed1e5c7aa,0
976379adf,0
aa85a14bc,0
3537c6c84,0
6dc1a03ed,0
6f03f9497,0
c3bab1104,0
03333ea62,0
d98e07837,0
9db76cdc8,0
72033968b,0
57d9b8302,0
9a55c6f1b,0
78b988645,0
8d4c9f88e,0
38bc8b746,0
36c7c4a64,0
f0ca69363,0
d9f3637bf,0
6308fe124,0
5608c05be,0
fef2b59d5,0
7be2867e1,0
b52c3c500,0
d89e84047,0
831348989,0
6557acff6,0
3ceb3dfc0,0
f56efef52,0
07b1b52f5,0
38ea80b60,0
618ded9bc,0
0b3a02b48,0
dfff0c929,0
28fa2b3c8,0
8eb64dc4d,0
b104b01c3,0
bc53d427f,0
2b7da32fa,0
70e87c482,0
0124e277f,0
8cc1fc2f6,0
74bb3e711,0
ae331a500,0
0c8abe310,0
c83825f6f,0
d97215599,0
149c9e414,0
ea95803b6,0
8ec1ab770,0
a134c5401,0
0db15a736,0
201a74da3,0
b62a1a945,0
a1dfe6e17,0
5aeca7ba2,0
9e7925f1b,0
33ad24008,0
06ebbb560,0
49601a7ba,0
0cec3ad84,0
1e0d2fb87,0
a2d7f197c,0
31ee17f77,0
d56f1eaf5,0
bbe2e7c64,0
f8c41bdad,0
29d5a8bd5,0
f0b002c23,0
ed087f460,0
6009ca42c,0
c52b1e973,0
bb0b9304e,0
ecfc076ab,0
9f0f27251,0
c9efb9d66,0
f85a5ee9a,0
c7dad9e04,0
df5a78c3d,0
6b227f122,0
465f2ddcf,0
0281e01e3,0
b8c82be3f,0
85c997028,0
ae2b1bed4,0
5ec9553ea,0
fee9f7c67,0
040684077,0
527fe834f,0
45610320d,0
1c074bd0f,0
086d87731,0
4ffc57a98,0
ea72034f5,0
b9204c339,0
a3535e355,0
bead374cb,0
a6db0754e,0
667c3c161,0
c3565844a,0
afa405f0a,0
df89c0568,0
8f206287b,0
b4a235b93,0
909ea73fd,0
1c30e72d1,0
b24b4ecc1,0
b91c00f4b,0
ec40512de,0
0b3c9e1a9,0
5ec08d254,0
b63ea2bf3,0
52189b48a,0
e5a6a39de,0
548a35991,0
14453eb64,0
1f342e690,0
e43b134a9,0
0fc91f469,0
7f01686f7,0
e46998f4d,0
463545278,0
fcd2cb7e0,0
e7571886a,0
94a240084,0
e96b3436b,0
ffccd38bb,0
cca529347,0
20cbfadeb,0
2f4c11e66,0
b91ced576,0
546744090,0
661e5ee1c,0
275fa220b,0
1aacc5bb7,0
18a0fa20c,0
3b60b5bae,0
38235ae21,0
d1b3aaf63,0
08a1c14db,0
a3119fa46,0
983130c4a,0
f9618eb56,0
fd88bb2c5,0
ad7707082,0
480dbd0cb,0
ed8f1770c,0
87fde6edd,0
42acf797c,0
1d762bf2b,0
c832cf426,0
ee58ae806,0
57b0ac4e3,0
5453d7402,0
93c15dc29,0
d814f470b,0
c7cdff2f2,0
eb71bcdf2,0
a19239dbe,0
6449727d1,0
f7ec97ce1,0
04cbe7a50,0
88c6b5f1d,0
48f82311a,0
83c2057bc,0
485a5ca01,0
51eb14267,0
73356bf2d,0
5a4014213,0
f2ef2873a,0
9eac41e56,0
03ac6694b,0
1a4dc4b2f,0
3353b9bda,0
44fc90316,0
63655033a,0
79e573478,0
a86983a99,0
257de6c9a,0
4a6513e63,0
16ad94559,0
0abb8d338,0
7b38f9919,0
24aae97eb,0
d39e4ad87,0
8c7a3ac06,0
35c0567f1,0
8c5e0c760,0
90bb2bf7c,0
d01f39daf,0
6021f47e4,0
2b8f0ac5d,0
6db9ae896,0
2a7c1dbf3,0
52232fe3f,0
c44d85f2f,0
b7a8c231f,0
d2dc32c18,0
317d04297,0
956392eb6,0
ac937c18b,0
5002bff77,0
4e4c57892,0
60e8a1d83,0
aab3a2289,0
31dec703e,0
3feba0f46,0
2a60639ba,0
00a7a6244,0
35eb134af,0
8da1e9ab2,0
64dba18d7,0
54620ca30,0
285e0bc7e,0
6cd33c3ac,0
bfe670846,0
be2773579,0
f90aea0fd,0
5f84c75f9,0
9f9578396,0
7d825a631,0
671ad3443,0
598a1c3d9,0
033c8773d,0
6dbf25622,0
3a29db605,0
a23d903c3,0
a7caedcb0,0
c7ab8e645,0
333118494,0
b5f49135b,0
533d4492a,0
02d846418,0
c8bff789b,0
2c2f59092,0
ed0204f22,0
7f71b69e8,0
0bfb74564,0
e11a7a42f,0
2e7fad027,0
0f58c281a,0
857250508,0
4591d2725,0
974d0a175,0
ec60dee71,0
bdb951b2e,0
e9178e294,0
9aa2210df,0
fb5b6c2e7,0
cd3c07f1e,0
15a4485d5,0
e267693a6,0
5b9de4b19,0
2aba48b93,0
04d9215b3,0
4dde25dfa,0
2c6c478d1,0
bf7b19901,0
fd3bba010,0
131ea4f52,0
7f5e3f4d8,0
2ec1937d2,0
a8bf527dd,0
ab1d26187,0
b3cf1a86f,0
4fe65e8ba,0
0cd2a25e5,0
269695569,0
d5400cc1e,0
d7c938976,0
1c92e2b89,0
a2b499115,0
4fb19aefd,0
c6326ffed,0
7f19952d4,0
b2d3bbf61,0
5d171dcf7,0
f93b17627,0
1eb6f22d5,0
8a0b0f47a,0
c7b1fd88a,0
2557c29c7,0
4171d3272,0
516a450b7,0
fc85dadd3,0
57787a61a,0
aaa580243,0
bcd277266,0
d08be28c6,0
1153cf999,0
d1655f52d,0
22be03235,0
2a69fa3a2,0
3b7c11d3e,0
6c2ce6d90,0
f9b3f2991,0
07718a208,0
8e7173502,0
8b86c4635,0
50f33fc4a,0
cecb3fe1c,0
7d5126c94,0
1bb8d0c39,0
c0ebfe98e,0
bcd77e220,0
f302f29a2,0
49b354ce4,0
cb8786391,0
23b33fd15,0
6da191d02,0
4afd6043f,0
99776d4df,0
6433f1917,0
b137658ab,0
8fe3eca19,0
eb1ac3552,0
35b896087,0
657d7b6d3,0
20a48922b,0
9d44bd787,0
9ca216086,0
4779122c2,0
73654808f,0
6eb8b8e84,0
ade9181a5,0
4f6762363,0
d5ccfad53,0
5c76c7057,0
acbe731d1,0
35dbda91b,0
1226ffc63,0
34c97f64c,0
025960a54,0
9924275c7,0
625a9dbf0,0
381bc1702,0
c17b6ab8f,0
72c2a5cb0,0
bb5147a35,0
a6ff6f81a,0
8daf31854,0
0fa462f68,0
252d840db,0
3b6e604d2,0
d34eabf31,0
8ad63bcf2,0
55e0035e3,0
7698bb454,0
ab78481b6,0
86f4d84a8,0
2618facbd,0
90db97153,0
aec05dfaf,0
a6db70773,0
064a230b7,0
33096a299,0
5cd55d54a,0
653443f38,0
50a98f706,0
c164f8571,0
4bc167a81,0
c70d94083,0
6b9570949,0
950c30887,0
cdcb45570,0
a73af3677,0
31a7d4530,0
c11fb922f,0
3fd719b67,0
96e4b2ef0,0
6b132a6ca,0
c6492c817,0
ae6b4c59b,0
117122b38,0
6cc34f6c3,0
db04d5ac6,0
624d13949,0
d47eedb46,0
caa580f63,0
71d454f1c,0
fa612d18c,0
39090147b,0
adb78b73b,0
e240c69a0,0
7593bf7d9,0
fcac5a7e5,0
ad0d1c07b,0
97dfe0bfb,0
27753debd,0
6143c21f2,0
773cb6978,0
361e308e0,0
50ae0bab4,0
40a956d5b,0
77a987385,0
34438649b,0
5d3f635c6,0
d8076fc39,0
c07cac3dd,0
d09882bb8,0
c180f1160,0
8756842ba,0
a99ec466c,0
adc3d214d,0
15b77ba34,0
903a3ee76,0
74aaa5e78,0
0fcde961f,0
4c0f2c1ad,0
a7f1fb92f,0
f88592f94,0
701d4ac2f,0
f3ee3f7ef,0
0f6325318,0
f10187efa,0
1914b6245,0
653ee9b0b,0
472c84cce,0
40fc0d8ba,0
34d222c51,0
c404b8c8e,0
5536e05ee,0
780f371fd,0
9d98f7c9e,0
b8c3f66cf,0
2c79f3a6b,0
47f8f7372,0
8e298b272,0
98077910f,0
b71543e42,0
202a8996e,0
89085d10b,0
f63a9b6fa,0
f9eb9c412,0
123a13515,0
1e26604ea,0
8bc85ca8d,0
b5253f91a,0
34589c202,0
cf087fd47,0
d50341097,0
d6e9bc323,0
d495d29df,0
9b49af313,0
ac0930c4d,0
0e8760c38,0
04758b7d2,0
56e5b72fb,0
58605ff84,0
ad06e1507,0
d853b843c,0
9d7baffae,0
a2e48b4b8,0
a6ec0a798,0
bea291a1b,0
03c9840a9,0
6d7138997,0
add649c7d,0
c4081a31e,0
166cc9d99,0
b6fbcbacb,0
45271b9c5,0
ab0af1000,0
b23e435d9,0
96109449d,0
657a2302f,0
77e34e261,0
eb4dbb060,0
500cf0ed3,0
95ab27ba4,0
e80ddeb7a,0
36a638215,0
26f14822a,0
526449d16,0
7db72601e,0
52c27c7e0,0
49f2b41a5,0
becdc1364,0
084919197,0
d0a654445,0
664bad216,0
f50280136,0
e48737634,0
c92684487,0
4a98c96c1,0
40ebc99bd,0
6251c33ea,0
ae78a372a,0
25e91d523,0
94c53b0c3,0
70d37d23f,0
df01d58ca,0
c9f640a80,0
cdedc9d47,0
82fdb1afd,0
5193214a6,0
4c742de40,0
498de5a90,0
49fc70cb5,0
3a1396fa3,0
3474e728f,0
b82ef433b,0
136b3c7b2,0
f1e56842d,0
b1845770d,0
071eaaad4,0
23a1a3753,0
72337a91e,0
60d83cd0c,0
9a4cb2829,0
1ef078208,0
caa1dd6ea,0
9b7918a64,0
fc8af9bd9,0
081ee9650,0
3919d8ac5,0
5235c6c53,0
66cfc023a,0
840f3bd46,0
c5f4134e0,0
20b97d483,0
337187c30,0
fe40a3dae,0
fb2b2e956,0
05c9fcf03,0
18ad828b7,0
62ea468a3,0
65ad58f26,0
d4bd9703f,0
5eb156e33,0
6de9b2572,0
2a18f7ed4,0
a85e27a09,0
1e8175d27,0
7d2cabb96,0
5c88d781e,0
45c144250,0
46290bd98,0
fdc6bab48,0
6c77db7f1,0
4a42f34cc,0
ca1095668,0
6d16c986c,0
f78eecf21,0
0fdb2e372,0
19b55b489,0
5b3c21bc7,0
a334e573b,0
768bf1fe7,0
4a349dc90,0
4a530e1c1,0
d8d29bcf8,0
d1196d6ef,0
c0e30a258,0
e9e0698f5,0
155c1e966,0
5a7f69e51,0
ecf4c1f5a,0
9d624affc,0
d0e21eef7,0
fe1fcc972,0
329793680,0
52dc12639,0
50ff8f2d0,0
92c7c2838,0
a41d29902,0
8eff39ec2,0
852b5fb74,0
24c202e61,0
e85121a2c,0
76ad6cdd7,0
c63f5d38c,0
c93ecfaeb,0
11cd8f57a,0
57ff5b255,0
f90c673f8,0
49f864fe9,0
b65acd50b,0
9edb00dfd,0
0cf6cceda,0
6b4fd7e01,0
f3a75828c,0
0053fa6c4,0
dcab7fc67,0
5a83e84af,0
8592e5ece,0
ae5333fa6,0
931b0b249,0
74bcea93f,0
f9c5a4820,0
464b3976a,0
0a90e5cb9,0
48b37a43a,0
d375ebc76,0
d3ccdf536,0
1ed9fc0aa,0
e3ce14f38,0
f6f821392,0
f2702f681,0
9dfc925a1,0
577136af2,0
a05706206,0
afa2ae498,0
e83500196,0
99c14d554,0
f9c931893,0
dbed4d8d3,0
8559d49e6,0
2f29a2a9c,0
0556575d8,0
b2a96e09a,0
055988ad2,0
e6223db31,0
101551fbc,0
2c670a497,0
6a69a6ae1,0
e39fc5430,0
70be85fb4,0
0c548045a,0
cb297624d,0
c3bf03c46,0
132ebe116,0
124e119b4,0
67eb6bb6d,0
6c9aa2460,0
b382fd54c,0
8c0e403af,0
301315f25,0
01163c5e2,0
63d16d8d7,0
d9004decd,0
fc7c304b6,0
e0fe7e2d0,0
39327a0dd,0
7f8e636bd,0
cfdf97182,0
1ba32dd82,0
57f7948f4,0
d1a2458d7,0
14b239870,0
49f22c2e5,0
8816f311a,0
b14b95e77,0
ac184d84a,0
b96a82543,0
82dd63dbb,0
900f1f50a,0
470697d01,0
d0cc62751,0
4580f61bb,0
760ce7b43,0
a114ff305,0
41a1ca700,0
6a22f0ccf,0
6ea2b0e7d,0
e3c6e720d,0
f458034d1,0
59d5309a8,0
084527620,0
067c659b5,0
89ef3a121,0
19a795eab,0
9a1d5df73,0
f969c00cd,0
347c449c8,0
30e9b5b6a,0
132212f11,0
7b9220d4c,0
83f820e61,0
22c98bd18,0
d3d08e737,0
a20b7d9fa,0
74f238044,0
31e5dda95,0
2daf558c1,0
e053b45c3,0
3776f98a8,0
280b71230,0
0ec8c4296,0
bfd311430,0
329581d4d,0
7b6429c7f,0
857a39495,0
99b3a15e5,0
658b73453,0
3816dac91,0
7949b71c3,0
813efb8b3,0
8a4c6a3e0,0
023520fc4,0
f1b51e257,0
4bf1812c6,0
103a5633a,0
e2567b48c,0
d9a466069,0
ca050faf8,0
f2a35c7cd,0
5a2fb5300,0
710a380e2,0
a10a0b280,0
ddc839a0f,0
e15365337,0
a24932259,0
746f3dd2b,0
2b9d54083,0
764a98598,0
d5198c9f6,0
171d91683,0
84b6560ee,0
c27d9c294,0
7b6338bee,0
11bc7f078,0
d4350350c,0
d637980a2,0
bbce1172c,0
67810173a,0
ccde3ea45,0
3505d54bf,0
d5320553f,0
84a3027c3,0
0999994cd,0
487a6f05e,0
35975d1ab,0
5ba637a6f,0
3d0556ab9,0
c476f6495,0
55c59324a,0
9b8345ded,0
92be2245d,0
7796dda43,0
e78504c82,0
79522023e,0
14be34092,0
7ae791f04,0
d185711fc,0
34a95a94a,0
ccb9b5cc7,0
babc5e002,0
141fe61d6,0
934408cfe,0
d4c799460,0
3b66e2c2a,0
ec68ef123,0
ff2ebb52f,0
1037cd266,0
b882b8bd8,0
ae6e725ee,0
beb9f80e6,0
282dca22f,0
aae8b6cb7,0
0a2e4e1f8,0
559dc9594,0
9dcdd11ed,0
e8e62aa32,0
8b4182aa1,0
74a2503cd,0
65d14bd99,0
967f27ca5,0
2a0404164,0
95e3375ca,0
f9a14ea8d,0
dde8d3397,0
33948db2d,0
b108950de,0
7012b4533,0
31a00d007,0
5826bc1ee,0
611876e26,0
988f93442,0
4e792387e,0
3b89f294f,0
6953f8992,0
fa19200be,0
61d566521,0
030364f27,0
2bc4dc850,0
1161f79f4,0
1e59b9929,0
90bd4a9cf,0
eef606ee4,0
2f36a9903,0
304631d59,0
e09c2b70d,0
d4afbe85d,0
f99834b3e,0
8d44b6bfe,0
ab6404be4,0
d6143b4d4,0
7cc60fb22,0
93b56e886,0
1a5d9c089,0
37377ab6b,0
939f715cf,0
cb26ab8e1,0
b545ede10,0
d5628d4df,0
009216487,0
c8c92b3d1,0
67b85d53e,0
0be370901,0
d5f6e40f7,0
887fb3ff6,0
0b8824c7a,0
96b2a73ec,0
892426d11,0
cdb8be610,0
1ec665f37,0
df38bb8b2,0
548fe4d32,0
04a7a4f50,0
f7019798c,0
c010973b8,0
0edbc1625,0
cb1fa5404,0
93b754b97,0
224d2ad17,0
3d2ee2570,0
e2ef28251,0
d123bd691,0
7244c8b3b,0
4f5abe367,0
bad7b9ba0,0
bfd8234f6,0
a235500d0,0
383ce35cc,0
c9dcff9ef,0
78ccf47e4,0
00f9d0e97,0
4b86a4171,0
5c6e09f5b,0
bdb501796,0
4383d6782,0
f4c3dcb09,0
b2684281f,0
cc446554a,0
8ccadcb08,0
57c754d1c,0
c429543bc,0
1fa6772be,0
7d5a95675,0
6d2e2b6a2,0
632b5d37e,0
10f4c026f,0
822b2880f,0
5cc793cd8,0
aaf781d34,0
298cf5bb5,0
e69a97f86,0
10950efeb,0
5d426c1bf,0
9264502a9,0
7ea4fd1e7,0
f99c51769,0
9935f0510,0
98de1be5f,0
675aad8ff,0
6c51e020f,0
5fff5ccb0,0
ef7856a23,0
110dac9f2,0
7d0e7bbd2,0
c4970c739,0
7b3780a82,0
3d17ca258,0
22adafc7d,0
1bff5085b,0
e0098a158,0
50de80a98,0
007d156b7,0
0cfca4a37,0
9b40a0513,0
72848173f,0
4e3f96c83,0
0bf251179,0
1beb4e8ef,0
856717f8b,0
0094a72e4,0
21a5f41f7,0
6a9dcc24b,0
cbb2dd81a,0
6f2bccdac,0
147d79f8a,0
fa05f57cd,0
07c0d22bb,0
2ce2f09d3,0
2103e7549,0
6bf4a58b1,0
58ffca855,0
b72ac95bc,0
d06adb15c,0
ab3210eac,0
629436111,0
9419289bd,0
157be3bb4,0
30964e186,0
654504abb,0
07f85cd68,0
6baede1f3,0
3b518d13b,0
e9c29b67d,0
c0a9efdcc,0
bc707c021,0
fabc19e97,0
fe75697b0,0
18377be3f,0
44af20a55,0
c3c4ea291,0
cd053695f,0
b632c0a2e,0
56317c242,0
af6ccfeca,0
1507fc4a8,0
f351a6e43,0
b167313d0,0
3ba0b4f6f,0
42105b5fb,0
4232febfa,0
b7b3939ca,0
a94695f27,0
4f87dd5ae,0
4c6264df6,0
0e9e5a0f0,0
9090142e8,0
d0007cc98,0
baa258007,0
ee2b50aed,0
77a43b493,0
3da1159fc,0
58bb4ddb2,0
13fff11ed,0
1d73e26e9,0
87f6a1325,0
630d3e7b9,0
5681077fa,0
6229791d1,0
117aabfd8,0
e3e51f37a,0
16e7f18d3,0
c28a33596,0
fb78539c2,0
1e91a06c4,0
f05946c39,0
991108b09,0
29f4ab45c,0
e237880ca,0
6841f21d2,0
ef8f495c8,0
19b1f6ed1,0
0dda08338,0
b339d0a61,0
ec55c0f86,0
903bde9b1,0
d6a1ca6e7,0
698676b2c,0
436f2b8f1,0
c1c9a86db,0
72e6235c1,0
5d3d71c05,0
b5cc43bfa,0
345b6fc68,0
a12ca9636,0
764a3885f,0
c2a78ef27,0
45c6bef70,0
30c74817b,0
8fc79c991,0
2da86b144,0
52171b028,0
bcad89a07,0
e6ec47b1d,0
d3be0d35d,0
cc055150c,0
4165e5bec,0
99d0b77f9,0
fe6da2049,0
8b8836103,0
6129c13a7,0
0ae82a090,0
ca1cef6bb,0
e7b039312,0
2c009b580,0
1abc6d06e,0
23a5ec48b,0
f441c7185,0
06cf3311a,0
fb41fa092,0
ad77c781f,0
dd331079f,0
1aefb1a74,0
d0989eec5,0
d81c315b3,0
a0add49a2,0
b64ae4e8c,0
4217c1328,0
27c74d8a8,0
46f943627,0
f0fd3d741,0
6233d3e01,0
5b8f09d2d,0
92c33e670,0
6bcb5a502,0
fc6fa6753,0
5a0aa798c,0
fec748ff7,0
8c17a992a,0
a8e6d30e2,0
1b0a08a16,0
fe2c0a711,0
ad27e607b,0
2461915f8,0
350c32674,0
2194ed33a,0
c4c9b5dc4,0
1d8f28be5,0
7457a241f,0
2083b8669,0
fd168583e,0
48fb56f39,0
70ef6d8bc,0
1a2ba059a,0
7799eb3ef,0
21191d2da,0
55a7e02a2,0
6309c0fee,0
9d38f1232,0
98b1475af,0
98f62f563,0
f8d2fe6e2,0
5fa624040,0
7077a94ce,0
30f515f27,0
1b4a28bcb,0
a7bff7fab,0
2e3fc37e5,0
5a5fbb94d,0
ffcda7d10,0
17118cb89,0
4244d98b7,0
35cb5e3c3,0
4a1d07383,0
c34f2139f,0
79c33f52d,0
0d0202522,0
6c8eb5daa,0
684a48f58,0
6cadad337,0
0db5748ed,0
510743b2b,0
1c88f1550,0
d9e7e7723,0
01ce7d2df,0
d9bc877f9,0
8226b3a56,0
155fda1aa,0
9d9654afd,0
547e41140,0
0502ffb63,0
1b6242f80,0
681e2b154,0
c16dd6692,0
f4cd5efa6,0
f157a3c6b,0
e1e5687f0,0
6e3716497,0
2d17418c3,0
f6e9739ff,0
087a71f75,0
a859410aa,0
226ff375e,0
58ff9dbee,0
40b3c6e51,0
af3c7a24b,0
a8331323f,0
1cdfd8172,0
80c9bb328,0
0bb20e5d8,0
884593f79,0
508c39bfa,0
156c0950f,0
b364a9362,0
e2cb25f6e,0
0416248e8,0
85c84a176,0
8e2b5a31b,0
0df8316cc,0
8361e9b86,0
ca875ed6d,0
700cfcbd2,0
e66879b66,0
b5ac11272,0
ef65f22fb,0
eae09f119,0
435326c89,0
5376bd006,0
07aad3ba6,0
8695f4633,0
57a59f1ae,0
3b71397a9,0
42dc18525,0
960fe3fd2,0
9f80990ad,0
e9d6bf3cb,0
01555bed7,0
49e871eee,0
4bb5a49ca,0
ae804f35b,0
362fbf850,0
eaeacfabd,0
4fdd76274,0
68f48e5f5,0
bb91e163e,0
6abab3d7d,0
715656abf,0
e67454090,0
e71ef6701,0
e181cdda9,0
fd3fb66f0,0
2d0fa50dd,0
72b64a25f,0
73749e7e2,0
76e3166a8,0
f5277593f,0
8f4e1b979,0
a855179f9,0
1d3399cbf,0
2b1fb675f,0
29ee6d680,0
090a1154e,0
1b4beb2ee,0
563c9008d,0
2d8716e8b,0
e1494fbde,0
344a190fa,0
6bfc6b8f6,0
29a02c757,0
9a6a82b59,0
a2e477d6f,0
393b7dc05,0
a29efa0f2,0
3eb77db12,0
27eb5a7ee,0
cdd700dd9,0
64088707b,0
fee2ad37f,0
953076db7,0
81aae2d9e,0
c77c99cfa,0
fec3fbd0f,0
08a78ffc3,0
8776e1949,0
6c52831b1,0
cd20c00da,0
1e71b66ad,0
ed219c7f8,0
6af290ef5,0
2df00f8e9,0
6c3ecb861,0
7e61b7ed2,0
d2a45014c,0
bf16e0cb8,0
024ecc6fb,0
786ac2686,0
c5fda34e8,0
ad153ca7d,0
d1ae6b983,0
7677ecd51,0
ac8d33b0e,0
e5f6dbca4,0
d169dad5d,0
09adc5faa,0
d81fb8241,0
c7827133b,0
e9cf75605,0
0021f0d33,0
0aa1d9c98,0
b765dfa87,0
a05c1a9e2,0
ed91bd814,0
b30ac7015,0
46ef787fb,0
8098272f9,0
0787857e3,0
9360afb8b,0
532eacbec,0
eed18198c,0
9d0d80d6d,0
dbb703916,0
68a81ce4f,0
ea602cdc8,0
25b7cecbe,0
c16bd5262,0
dd6301145,0
ef31624e8,0
a5b604f04,0
f69355cc5,0
63c3945db,0
d4bf7a89e,0
79901d55e,0
0d9ca96d7,0
20048b328,0
7fcbcdc02,0
49ebce8a6,0
5078ff4b8,0
67056dfa6,0
ab99925c9,0
77a6613b2,0
f07838a9e,0
91b8321dd,0
903d6d1ee,0
fd44aaefd,0
ceaa96cd6,0
56f6e9dca,0
f3e1244ca,0
0679c1097,0
24dddb20c,0
8eb564814,0
0e1fdb95a,0
5dcad39ff,0
d17630e6e,0
ea36e1b93,0
02eea69ff,0
705344bd8,0
40c67cca4,0
9942a5424,0
541c4d41e,0
74fdf6cc8,0
7a5dfb158,0
dd754aab9,0
8c102e395,0
39a628cff,0
2957381ac,0
7d1794961,0
9f6708c0b,0
67714a8d8,0
690f1dea5,0
3eba562ed,0
04fdbddd7,0
440128919,0
80468179b,0
c081f5b7f,0
4b7b43b7a,0
0ef6a4923,0
bbd3eba7d,0
0fd1b5059,0
5d0b6dc90,0
03af10094,0
c58d1fe16,0
92e7e630f,0
9fc9b533d,0
43fd926f9,0
e0b80caf4,0
7327abf40,0
5e2125e43,0
459adb9c4,0
6fa36a899,0
233db9b4b,0
8fc8f357e,0
5ea428031,0
7f9351c2d,0
664e5c977,0
b1ab363dd,0
868f3ca31,0
5b313549c,0
1d145016f,0
ce3c158fa,0
a991b14c8,0
a1f8b0936,0
f42d2d722,0
7ae85e90f,0
1162b2c5f,0
88d492231,0
7472f2db4,0
c5d9914cb,0
c2ddc15a6,0
4630fb885,0
8b0062584,0
a9c9495ff,0
02c52b451,0
43df50ed0,0
871699e5b,0
1c3a7bc99,0
ca865c4b0,0
a74852f37,0
bed3cd944,0
905ed2774,0
d09afd3b0,0
f16b615a7,0
42090e3bb,0
dd7f0f72d,0
97b161e96,0
db65aac8a,0
5ca912390,0
a893581c4,0
3f3977d40,0
9b7ad01b5,0
e3efeee68,0
202eabfc4,0
f6fe43282,0
0b25964e1,0
9121b3849,0
ce2745e96,0
ec07ab0f1,0
4c8e7b1f5,0
4a9e8f7f7,0
43382559c,0
ebc4dfd8f,0
b6cb0c2b8,0
724560f8b,0
2c3a35bfd,0
ca96ff636,0
71149a63d,0
6bf3d86a6,0
688759258,0
8c8ffc7cf,0
268c2e415,0
2c061c902,0
749b744a4,0
3cbacf373,0
30df475fe,0
cb3bdf3e7,0
0509887de,0
795083f79,0
5e287a0e3,0
366a3d04f,0
1989da31f,0
e25ca1054,0
c38903943,0
6aa485643,0
50ee680eb,0
88f935ebe,0
1f631a7a8,0
270665eaa,0
da0fc52e5,0
54419838d,0
3d087513e,0
8fbcbbcb5,0
ca8726968,0
807ae65c5,0
408fc944b,0
0ed9ee6bb,0
f7da480ea,0
320890eb5,0
35a08a010,0
7afc693b8,0
f48aad6a7,0
fef9f8524,0
74c97189e,0
fea3b6b40,0
a3d0a07a8,0
c8f0b4717,0
92da88798,0
7af3ecde3,0
13166036e,0
793a50bcd,0
9e7a1bca6,0
b020fbff9,0
3ca06eba6,0
2184fa6f2,0
ea755b7f6,0
5689bcc21,0
eb4bacc7c,0
95f9e2bd3,0
b20b97998,0
092187ff7,0
e394b0931,0
5885a2c34,0
39dbd326c,0
f0c153cfd,0
9d375712a,0
1ca8e07c2,0
f92ea03e2,0
63e2e3e4f,0
8523c7858,0
019df649f,0
db4a05f64,0
c099603ac,0
2a872a9ef,0
d0661be31,0
6ba2f9b54,0
ca19d9909,0
5d375ac61,0
1c39926e6,0
9fc4a402d,0
183896a90,0
74b98cfd0,0
586868059,0
f0abbb0a3,0
df5392f38,0
187b49cc5,0
f2a6cb1f9,0
a0b262e40,0
8e55f2268,0
41230fe49,0
8924dae8a,0
693fd2ef4,0
9677be74b,0
93f0dd7cc,0
37dea321a,0
5a33a8adb,0
47aa985a8,0
b7a815e07,0
edbb2c2f5,0
9fab84e7c,0
54281d31a,0
3ba519bb8,0
09a438bae,0
abb6d81d5,0
fbc9ef0f9,0
ee19b7f65,0
39e2183ff,0
eeb2d5691,0
5906e9893,0
9f905ae2b,0
ecf64f4f9,0
40233a112,0
dd9cf65da,0
eb66fce7b,0
d02a2fd8f,0
32c22cba6,0
fc601ec84,0
4698789b6,0
4d7e7b6cd,0
6601f2903,0
20be2b5b5,0
bc4b01a52,0
bca8bf0d5,0
d83d3fbab,0
36b0477d7,0
870b7fc50,0
ae4b7aec3,0
a9c8ee568,0
fd33eec2e,0
74c86dc94,0
656f4c5dd,0
eb478b7cb,0
8fcb4c7e3,0
c25141a41,0
53cc94634,0
1b474b251,0
26d9a1072,0
b187b258b,0
523df966b,0
a7f5360e0,0
e5eca71e3,0
d2b357573,0
465fca558,0
297d94118,0
be9d52ef0,0
a51dbb7c5,0
a1a2e7691,0
61b28f8bc,0
8175828ef,0
943eef63e,0
c95269a6c,0
24ee77db7,0
8b2940362,0
c20b4c81f,0
02073dfee,0
ddfb8f27b,0
7e85cac95,0
b9a6f2dab,0
3aff0dc0d,0
ed308c95d,0
32a1d9f65,0
9a3f6c785,0
17625283c,0
dede702d8,0
9fe27bb58,0
82316b58b,0
ce06ee7c4,0
a3355967c,0
d6503fc7a,0
230b4a95d,0
4434ef42e,0
a67e861a6,0
b840c68bc,0
2f460d807,0
5d238f402,0
2cd58674e,0
313055a9e,0
165766e9b,0
89e147dd6,0
89bce4769,0
8afe59d10,0
4d0d04ec2,0
25b1a1971,0
a21f6d452,0
495e8216f,0
64f9d993b,0
ab473d0fb,0
ba782cc48,0
45e6036ff,0
c874dbc71,0
b45121ff1,0
f6482ab55,0
ca1d1d65c,0
1b4edfea8,0
228540138,0
50c36b121,0
fac9307e4,0
2482d97e4,0
8a66bd5fb,0
894954440,0
e95f725f6,0
8e8259669,0
f0a66df4c,0
1d0cc3798,0
f638a96fd,0
ead4c9659,0
14b62edb7,0
06f00d362,0
1dc234d6d,0
6c360b751,0
089c2739f,0
3271ed094,0
0feb4e2ef,0
414fa5cce,0
8d9ce649d,0
706aa9df2,0
6fc119103,0
3b8fc5371,0
e94327a54,0
79272fffe,0
2da61d102,0
0a98a2179,0
e8a5b6337,0
3da7e8585,0
f99cc22d6,0
1a0d4b775,0
e26d85d35,0
5bcf739c3,0
2a0eb44d2,0
67dbffd24,0
b080d20f2,0
f1c7db9eb,0
21c3d4a53,0
6daf9a7d6,0
5e166be69,0
9da5c57ef,0
715ed2e29,0
fd704758e,0
69930f05d,0
75dbc2c81,0
9b8caede3,0
1e73b74aa,0
dd4cb3fbf,0
4fe780b27,0
791899b46,0
b448720a0,0
a167a159e,0
e3b9acc43,0
e8226fb9c,0
1d8ca740a,0
96a197cb1,0
f35bfd300,0
caff65f31,0
922e45d33,0
d23336d37,0
52378ff5a,0
794b67c42,0
41ffad9d1,0
509741eb1,0
576f07382,0
e291c8794,0
0cfc11aec,0
2213dd7ad,0
339430425,0
02d70ed11,0
1f38d6778,0
75ef86e19,0
7d33fa1f7,0
cfc106ac3,0
ca2f4b9ce,0
f4fee0e27,0
3070b77cf,0
f67795cc5,0
8d2997526,0
08c71ca8f,0
2367b5056,0
5528db727,0
896467495,0
10dee0305,0
8e8f25c31,0
e555f7ecd,0
06846ff3d,0
4fde9d58f,0
696a13525,0
392d4f5ab,0
db0212bef,0
f9dcd69e3,0
aa016ddfe,0
7fdb7247e,0
3b6e2c5c2,0
fe6889fe9,0
38c7f43d6,0
fc4e189da,0
4afd54574,0
9c73592f0,0
58dbde095,0
2ad779d27,0
4249b8e73,0
84fc77fbd,0
885f2eac5,0
05ef686b7,0
d1292ab63,0
a2e59aee8,0
1eb8876a9,0
811acf839,0
01f76a519,0
5ccfc8dea,0
7775f87f5,0
813ba4348,0
55603d86c,0
c06c7ca88,0
9a2fe7b99,0
d28fc9f29,0
7ac6f5ed5,0
f80b1c8c1,0
1f5a8d8c0,0
2b782bb3f,0
de261e169,0
3ebeb5ac6,0
0bc02eae2,0
881336587,0
fb223c3be,0
ec80c1413,0
a5eab308b,0
37997c432,0
82c248395,0
dde25205a,0
adadd8f7c,0
24261e7f3,0
e9c5f7cd1,0
f52f85873,0
68c50e34a,0
a4e32e242,0
9294f2050,0
8404dd232,0
f1ccc8566,0
e6f327757,0
a76840623,0
7d58bbc35,0
6366d7061,0
6066bf3b3,0
471609fe8,0
dd4899180,0
a13259e0d,0
8f252ecb2,0
82fdce8f2,0
651d0b2f9,0
fbbd35173,0
1dbaa5744,0
1f0642fd4,0
ddb556ab6,0
53c6c23b1,0
babf57037,0
8bf87e69c,0
2984c04e1,0
36112c4bd,0
584b3a955,0
94e8795c1,0
a6e627c10,0
ba9fa9f30,0
2c8f66cc6,0
eb83e32a8,0
c3d03598b,0
7e23f7ad1,0
64a8fad00,0
797ae6066,0
ca9f22cc1,0
f58d7487e,0
38f3a40a5,0
f096291b7,0
db8b6aeda,0
17c8dae41,0
db789a901,0
483a8e2d8,0
6fe85feee,0
e08032ac1,0
b0b810f90,0
0c56833c4,0
718f47a1b,0
e8d193a43,0
1fe3921d9,0
945155e8b,0
d90f33907,0
2586669bc,0
7cb5e6b99,0
a69c80256,0
9dfcbdf18,0
2d3c0a80b,0
8a9b13bef,0
19bcd7864,0
302e11bd2,0
a67769dd9,0
e0df04630,0
0b9afbdf2,0
13fdfe24d,0
baf415f07,0
9a6716090,0
81cabee91,0
8d5494b6f,0
b3deff050,0
a8428cf05,0
54454ed83,0
d82a21bbd,0
2fc266682,0
377c89e04,0
861f2c9c1,0
2a459a0aa,0
491331146,0
455c7b67d,0
54eb01070,0
343bdb4b8,0
e2194cc70,0
0045ce94c,0
8b23979a5,0
5252bf766,0
954d0fe63,0
0cb8a264e,0
6bb4e9d41,0
a9a1e0332,0
3b0daf5b9,0
a4541b8d1,0
012e26395,0
459d3299b,0
fb7984b64,0
3daf5597b,0
33b3a9955,0
5eabca233,0
15bcf0bc5,0
da6f46b28,0
f557afe91,0
4af75b596,0
80c048cf1,0
62e32ec91,0
22149c3fd,0
bea75c9d9,0
e80bee440,0
801b2e0b5,0
0721c0bc0,0
69dd8b98f,0
5c38776b4,0
57cd097ae,0
eb0a1b58b,0
fbfd88b1c,0
02040055f,0
d665d6a8c,0
04da4955d,0
30e800167,0
79a025018,0
6bd4a7ab4,0
ac73af09f,0
9b353319d,0
3081eb3d7,0
376134aea,0
18d41400e,0
b1de2b162,0
39c5bb98a,0
a94f6dde1,0
c298d16b3,0
eeeb6b66a,0
cfe74bfdf,0
1b0656451,0
e6c7eecab,0
dabb82074,0
9a3fa2c38,0
97ddeaac9,0
a4c653f29,0
6022f99db,0
0ce2742b7,0
3070a069b,0
16c791a6f,0
1baa33eaf,0
a1b220f98,0
75753e7b1,0
57f357144,0
3cf641526,0
d7d866216,0
af8b9e043,0
2b5f79660,0
4c4caa583,0
41716e097,0
00856dfa9,0
f66e3a446,0
51ccfb7c4,0
9d4d22004,0
94c8329af,0
b8ff15213,0
4e5e899bd,0
805f78d97,0
5b45e7a4c,0
416e24d42,0
9b2c62063,0
bc83dd474,0
1600cce78,0
1081dc395,0
8e90cbc5e,0
5a543e058,0
9e3425ede,0
ea7342d9a,0
36c544e98,0
def4dc802,0
8e92c9811,0
30b4b7aea,0
b3c636639,0
04a069392,0
72606e8f3,0
9a863b9ee,0
e9471b958,0
67d5e3bf5,0
fc4486b5e,0
acd61abf2,0
645e6c963,0
0e675095e,0
43a84d203,0
98dcdf215,0
f69023f40,0
04721ef43,0
88f8cca3a,0
4cd75e21f,0
654ee7e46,0
042c90107,0
708c1099c,0
08bee6dbf,0
af70c8cc6,0
b9e513369,0
981396649,0
8182d588d,0
828abe04c,0
69dcb9a3b,0
8e70982a4,0
83bd193a6,0
8459de1be,0
df23921b2,0
d007caae7,0
88de21f46,0
97dbf9d67,0
a7857a9be,0
eaa8b622b,0
aee5c9b93,0
d8bfdb6fe,0
adca067b9,0
a534b0f16,0
d4ab600c2,0
358530103,0
973cdaffe,0
fb93c4c46,0
d6694bd34,0
6f6009530,0
4df899e46,0
37a4efb7a,0
4b648670f,0
75540546f,0
fe30ebb03,0
689eb9f68,0
8168ee82a,0
b6559ddf2,0
4d42fbb18,0
ce7f9e0a0,0
707760045,0
50b7b51b8,0
c21cd70d4,0
75c1b1a9f,0
847402c34,0
b39cc3832,0
400353bac,0
8701aa4ff,0
d98cbb36f,0
e69ddc9c5,0
b9e60ac3b,0
48c00c048,0
62728ae3b,0
7cd4cc27f,0
68b41d014,0
761340c6d,0
b57325fc7,0
36568fe64,0
723403f38,0
e079e7ca5,0
d1511e64f,0
600f01e91,0
e7f0f1e63,0
8e9cb9e5f,0
214121cb3,0
8801493cb,0
cbbc6e017,0
e86e2a592,0
5b9059868,0
3be948614,0
3b66bda54,0
bd6b0dfac,0
77d850f7e,0
85c40deca,0
3b59b7879,0
3149540a2,0
93af01df3,0
ce71e2dfe,0
648d6e1c9,0
c2e2626e4,0
8d9185540,0
11e3afa83,0
b5a739d1d,0
cddf33a9c,0
9e99e1332,0
994db92ae,0
fe1857f3f,0
13452bf5e,0
ca0113f84,0
213cea039,0
656851f72,0
786172ac6,0
6a8de3c09,0
288772300,0
5db83d658,0
dbe581aa8,0
d4e9355ef,0
f1babf32a,0
5762da038,0
a038cdfb1,0
c37a6f3e9,0
a0dfbd411,0
b6a36c182,0
62822763a,0
4de9ab35b,0
8482cd4e5,0
ad34c1f34,0
6df282095,0
587e9b784,0
048596edf,0
dfc4c6de0,0
0ef6541f9,0
778808485,0
bc45792c0,0
5745b1abc,0
83b0ea85f,0
c43ae531d,0
787578be9,0
ca3dd51e6,0
d20e60a1f,0
c82045295,0
65bc00f77,0
140c059f2,0
728a12444,0
c1e39ffe4,0
7514c8182,0
7d540187a,0
a00b723d8,0
466f28358,0
464b2b309,0
e82bb0f6b,0
17f8af701,0
a3d606459,0
1a902c080,0
f468cfed1,0
2eaf291d2,0
742ca771a,0
cb3ba4df2,0
57ca642dd,0
6b47e8357,0
70498b302,0
ddb84d9ab,0
b043db93b,0
6c1a05ed1,0
c987ff810,0
9c1a396f9,0
4b781211f,0
d4ac640c0,0
5fccfc9b5,0
7cb1fb42c,0
d85f2a17a,0
7fdb2b868,0
a53fc71a1,0
4abe117e7,0
1fe1115ee,0
a51b01392,0
5a2c8645d,0
b784d7a07,0
c1f18cb5d,0
54a9c9512,0
a98070f17,0
4d761f97e,0
6d233727e,0
2e8a14696,0
73ff3946d,0
e87044bc2,0
d51f2e142,0
aba2f346f,0
07b2fe99c,0
bf85f6b58,0
c251cfdb5,0
237c95bc6,0
2af766509,0
59d1b6146,0
f98f94bac,0
8b31b6453,0
7aa990232,0
c22e3bf9f,0
557117401,0
9e07d0aad,0
f2809517f,0
1a751ac8b,0
ebd098414,0
967133383,0
a91e7f455,0
114d128ca,0
86c0fdb4c,0
676bac625,0
c50fdc486,0
90e8d8225,0
61d0998a4,0
400b2bbda,0
7600dbd87,0
05a32258d,0
71c1f0507,0
054412f7e,0
161a7d556,0
95eb4c83a,0
218e61006,0
863e8afa4,0
0bb9c3f30,0
111581957,0
3dba2c4ed,0
1a0fb01d4,0
58879de83,0
3875d3601,0
372ad684a,0
00ff2c720,0
fe7857419,0
d49030919,0
d01d8d2fd,0
fdf61c313,0
c425cd871,0
bd8139bb7,0
cc256396d,0
23c567b03,0
4b4d2a0b9,0
8fc8e6925,0
bd35bb1c3,0
018353f1c,0
efe50806b,0
0befbdd9e,0
08031b106,0
72589c9b2,0
4f7f265b5,0
d43d8c9d8,0
bea8158b9,0
a18ae9e89,0
4bfdc5664,0
53cfc6586,0
3e3942656,0
18414db75,0
89f46bec2,0
32b46db46,0
ad2e27bb5,0
0e62ddf15,0
623b64d19,0
729ac5e06,0
25d63647b,0
07f10b39f,0
eee191638,0
e5bc365d0,0
d35b47e60,0
23f7b7a7a,0
41c27b630,0
32863f792,0
478e21c30,0
1fb364cd2,0
299e1957c,0
9a9255c3d,0
ff02d53d8,0
377240bbd,0
eecfcfd26,0
ea41e95b3,0
736b7b278,0
727d99d68,0
343a80f91,0
3e1727f79,0
6e045ef23,0
8b0aa3f7a,0
350182af5,0
345f66bc8,0
29d87bc0c,0
6291210cd,0
6c0edcf33,0
a7088bd2f,0
79f689862,0
a76407bf8,0
c6cd3ac47,0
7cc00d3bf,0
db63379e2,0
8005ccb52,0
92cf1594a,0
be1b79939,0
d470e311a,0
692cfa850,0
7d47fa7ba,0
bb15fd515,0
98ecbe0b3,0
e6609d48b,0
8735b4ed7,0
da6606b4f,0
c67858398,0
f62d1e472,0
e88d42b8b,0
a7855a3e3,0
ccbe77cf0,0
6d8ba2cf9,0
357b3b1d3,0
27c1d078f,0
5675c2ee7,0
3e629f05f,0
a0e82c1b1,0
fb6d4648a,0
564305f6f,0
1134b4a4b,0
ee652c6dc,0
43ccfd5e2,0
48526fccb,0
1f1d99593,0
b07bb0c22,0
11ce56786,0
624196c26,0
6f25bec48,0
54cd18535,0
0039e54f0,0
9f5dfd81d,0
57a2e8995,0
501e378f3,0
9db94c1aa,0
1be394776,0
274009fa1,0
0308348b8,0
3b932fbd0,0
4fa22a6e4,0
e8612373e,0
bc9873f0c,0
8904c358d,0
99536c670,0
1c946e0a0,0
1fadcbda5,0
918ea59ba,0
9c3ca26e9,0
49c1a8313,0
70501f63a,0
4191c5547,0
5e84a449b,0
93e1b1b57,0
501117624,0
4e6d9fad8,0
aa4f36f71,0
3a19e432f,0
b37712a07,0
61547bf69,0
da9ed562f,0
83f7c30e9,0
1ca3b1ec9,0
527da06dd,0
a0f7fea74,0
d08d707db,0
785f14a23,0
656ea8ca7,0
b8612fa45,0
228f748d6,0
fc2199013,0
c0825b4f8,0
20dbff58b,0
1cb630a6e,0
2ffc025ec,0
f7eede84e,0
67a3ff9db,0
cb05fa534,0
b9fb466af,0
91610e157,0
707178bf0,0
cd703e25f,0
edbf64b0b,0
ae9a70845,0
94a7c5ed2,0
b80e5bddf,0
5d4d774bb,0
10c568a02,0
04a9517b0,0
5a330e7b3,0
c753eb6c0,0
826712f91,0
878bf09bf,0
3f36f3f32,0
42f3a0c03,0
7dab12862,0
ff889e23b,0
5cf823995,0
aad6bc2bb,0
9dac30b0c,0
2b4605245,0
285ff0263,0
8b293a45c,0
49f972c08,0
afe70f1d8,0
217fbb923,0
8d729fb61,0
56a71117b,0
a07779d6c,0
2b347b559,0
99e7f0526,0
f3e315051,0
f09cc7902,0
26ee00728,0
18c42b6b8,0
00450d304,0
cac40db60,0
814e0e21e,0
7bae0ab5e,0
7b6d30721,0
c199140c3,0
934072bf5,0
4d5836f7d,0
392019a2c,0
8a5e6e01a,0
6be539abf,0
909b6223b,0
f1516a306,0
61ff4902a,0
7beeb67c3,0
168f633fc,0
6c5cbbdf4,0
08b4c02fe,0
5bc0988c2,0
2e7d74e55,0
3232d6f56,0
2c8530a58,0
da0416b3b,0
82d5f6620,0
1101a003d,0
f39ff7ba2,0
6d7b4a632,0
9cd8464ef,0
9950111eb,0
bfdd4162d,0
878cb5b42,0
fa434878b,0
fb67e5172,0
5b1f12738,0
9f3fabc70,0
c4d436848,0
ea915b13b,0
cebf5375e,0
c64eb3a36,0
470847079,0
1e793aadc,0
ffb840ebc,0
eba77622f,0
8a18b9699,0
760a844a4,0
6182a0538,0
450d37a38,0
ba9e2d304,0
b6203cd3a,0
bf4c39972,0
2449b5518,0
e964c6dcd,0
a670f0c43,0
d34ac237a,0
04c9322f3,0
8bae211d3,0
498d46ee2,0
74cb419cb,0
46ccb6bd3,0
39236fa60,0
7da20ceb0,0
b1066d5b5,0
12c738d87,0
c80ef2e31,0
c548ffbe8,0
8d4ecada4,0
738116e15,0
07d138d01,0
ffd3661d4,0
3333af434,0
aedab5dc5,0
7965e86c9,0
7a2a38d8f,0
977ebbfb9,0
52a88af32,0
8d6c7ae91,0
5ff71b40e,0
a13beee25,0
ab5f64570,0
98038f676,0
eaddf667a,0
434079379,0
42f1496d8,0
17d0be640,0
aead648e4,0
6abdbbd7d,0
eda07476f,0
44d707daf,0
f353716f8,0
80ec46d31,0
edc4d0f73,0
6e0843d38,0
a425fc6a7,0
7f7b2c732,0
789e8506b,0
08271595e,0
3d95467fe,0
139aad8b2,0
c05075421,0
d16bd1260,0
6b8d9d74d,0
600bcfc2b,0
650d157b1,0
c3b24720b,0
cd4179139,0
8427d213c,0
792e61b1e,0
053198ea7,0
b78fc427d,0
3341a6efb,0
4ff54212e,0
8507d1b5e,0
5a68d7893,0
e0f2a0864,0
0be920d76,0
f1deb3cc1,0
63eb884ce,0
556f2c5c6,0
f5d022470,0
a3500e94e,0
997262689,0
7683668d8,0
0fea673a3,0
0cf33d505,0
fa1a492ed,0
092be0405,0
4746340a1,0
0555a95db,0
cb9adc4aa,0
135359fe2,0
15ca2c59d,0
eb86fad74,0
1289609e3,0
69e5888fb,0
ee559b5b0,0
e163f8333,0
18ce23111,0
4c91c2a8a,0
b1296679d,0
57f693d04,0
165ca8a81,0
358e5478e,0
4342207cf,0
029c37998,0
d14901985,0
088b35ed1,0
eab53f47e,0
41163300a,0
0f0ccd222,0
f7fd08c1a,0
79ec6e32a,0
4ce9bc001,0
5892ebde8,0
f7890fb5d,0
c0b653e38,0
2873bf12a,0
61da47774,0
2ef28fa69,0
288d4365e,0
a3fdd2210,0
0de25d05e,0
6e93d8d18,0
137107106,0
aaa8e6d3d,0
5954098e3,0
a0d752238,0
410d24f09,0
c68758b00,0
03c54f05f,0
419424bb9,0
49f98b25a,0
2ec187152,0
fdf659ef5,0
3be259713,0
790eb61fb,0
b273a1ca7,0
30bfe5b05,0
2ecf2e9de,0
9be9e90cd,0
b0bde1b03,0
da9de3c05,0
0a73725b6,0
919aa404b,0
c49f75868,0
ed55bdf99,0
cf8ee02e6,0
6036f3641,0
f20ae4712,0
c511b01f1,0
e5ee0be59,0
9aa3662af,0
99263d818,0
9f5e5ec3f,0
ff37e4d13,0
990ca8dc7,0
007455d6a,0
b6eb04bf0,0
27f69132b,0
afe1e4f66,0
baf87d0e3,0
a7d70c4de,0
69040ec2c,0
06acca7ac,0
8d60b7464,0
3dba87b2f,0
e58b03040,0
c12330d34,0
846099053,0
b364e8688,0
3756769b5,0
87f8091d2,0
baa0d1cb2,0
019a2efb9,0
f9c4254e7,0
6b82e86e7,0
7247cc6b3,0
7165bc7ad,0
d779dbe77,0
3c87fdc0f,0
961163819,0
3288217e1,0
60a40c037,0
f1177451e,0
035e7fa21,0
1c4bdac93,0
8b4dab7c3,0
59372c831,0
d06bf1078,0
12fb0107d,0
5359b52dc,0
1c7354786,0
ee9242d3c,0
6a1a8e17d,0
9643a628b,0
c76daa7f8,0
28ee705b7,0
6a099e4a7,0
53f3609ad,0
dfd946ac8,0
2bed40346,0
22eaa8132,0
a8efc4d66,0
58a2ab14d,0
85f57ce0b,0
da00cc5f6,0
958e9761b,0
c27d7bff9,0
f53f2f68b,0
27d271279,0
0b061eae3,0
630ba700c,0
4415b68f2,0
88d1747a0,0
d2927e981,0
5ccc5c940,0
abaee2413,0
f0f7be744,0
a7d9f1cdf,0
f7fe0d522,0
318d049f2,0
154f5a75b,0
c0ecf5eb5,0
58dc520a5,0
a77db045e,0
69a8e84ba,0
0543d5d92,0
6d711f23b,0
b8741ea9b,0
a4d628083,0
e1a0d5f24,0
52eae9528,0
0f33f1ca9,0
182c9e6ef,0
1a993f386,0
2406e977f,0
7927ce9c6,0
4a2dd1c8f,0
a0ebf07d0,0
f314ed416,0
3224015a6,0
ec33a58aa,0
e6b713626,0
46f84af18,0
157924ece,0
fc13d942e,0
7fad74e0f,0
d5cd9674d,0
2cb2c881e,0
8a7b93f64,0
60c188245,0
efd7dff01,0
143b75258,0
6dbeff852,0
c41a4be65,0
ac32140ca,0
f80f02286,0
0835292c7,0
07b1b8c87,0
f8da03f7a,0
40073bdcc,0
28f0909fc,0
256e89fc6,0
a781c6147,0
91275fda4,0
82b0ce34b,0
774e6e2a9,0
db0c2006b,0
b57f67883,0
e207a9c22,0
d7c723881,0
dfc9c6a23,0
dc0f9b59d,0
6e3303932,0
b0c7165ba,0
804f7c7a6,0
577793268,0
7d107974a,0
757866231,0
e8a1d04f0,0
64027156d,0
65d1f9b28,0
70077ecb9,0
35d5521e7,0
4a14dd513,0
7c9adc043,0
71c381469,0
1fea6253b,0
29f49cd83,0
8a5353b56,0
7748f8039,0
40ded13ea,0
cd503942f,0
b2b7e722d,0
18abb30af,0
250af268e,0
385906707,0
afc49f312,0
eb7854187,0
e1bcbc106,0
b9feb1bca,0
76dd2577e,0
8ba970109,0
74d672d39,0
e72d6bcc9,0
7668e5204,0
8cf4b952c,0
9c477d377,0
bfe43d44a,0
ee2ee5186,0
536842c4b,0
a3a17500a,0
206696cbf,0
ec9d1154a,0
26417279a,0
9732ad4dc,0
38477b2a2,0
82856ba28,0
f5ce3d423,0
5633f1101,0
7edbf1ca8,0
eb0f37d39,0
c63427eb2,0
65a3a7b6d,0
5aafe07bf,0
353bf092d,0
ad74613c8,0
ecaaa5ac1,0
df4ae0415,0
2a69bcce9,0
9390e29ac,0
9fe3b171a,0
fbae2fb1a,0
9e31cbe3b,0
f4feeb150,0
1f2621b4c,0
7263dccaf,0
f3300dab1,0
a430b437c,0
7f3e45975,0
7ff8d6f85,0
fe1669ffd,0
fb7d17d79,0
4fa678f28,0
3dd4e386e,0
3127f8637,0
0134f018d,0
f18556a22,0
55f00c851,0
7315d2e99,0
7e2ed4d52,0
1c35c04a8,0
dc4338093,0
734fc53fb,0
3f7fa081c,0
45a36938c,0
282419eda,0
cfcd57260,0
5b8579555,0
80ab4469a,0
fd33b68d1,0
fae67c6fb,0
6d0419afe,0
6b8f11ae1,0
b30719c82,0
2c0fac807,0
f5a7cbd09,0
100c6474a,0
5ed06cc85,0
fba0bb7e1,0
6f0d8372e,0
87a192226,0
7a7c505a8,0
9faca65ce,0
b909b96d7,0
5a3dafc67,0
eec53fb8d,0
1a96992d9,0
5d58d5dfe,0
1c64ecac8,0
cee0a6466,0
ed4b21055,0
7777e7e44,0
1f36484d7,0
16b341509,0
117551743,0
146463828,0
b80695478,0
d64daa728,0
12eb5dc94,0
4787424e6,0
ea072301c,0
3d5479aca,0
d913c762d,0
492cb82ee,0
ffe68f250,0
441f60624,0
13d3c108e,0
ff0e67f2f,0
75b41a741,0
504e1695d,0
83e64f32f,0
ed0b0e088,0
ba9e184b1,0
7f5479556,0
c6774c8ab,0
8cb3a6ba1,0
3085e18eb,0
b868bcb9b,0
16e29883d,0
01c00d9c8,0
7efb877f1,0
4c1b8a5c3,0
4fe7886e1,0
805d8722f,0
7fe424fe7,0
2ea467d26,0
061e6510e,0
7163520df,0
0c4cc8319,0
077e33f0c,0
7c3055bc8,0
f41acf49a,0
d782603ae,0
24d5596ef,0
787c185b9,0
444a5e9fe,0
8fe181d94,0
34d736b06,0
638d987cd,0
3076e7608,0
36d0c85f4,0
4546ad0cd,0
88ab1aed7,0
2c7ce5049,0
59265d2fa,0
6ef2473d3,0
37fdec841,0
bd612f053,0
6bced57ba,0
314dd31b2,0
92673a9aa,0
8d1bc9b54,0
348bfc268,0
ddb15721b,0
087d3bbf0,0
aa9279a0d,0
bc8917394,0
0476b626a,0
224416fdb,0
ed7123e07,0
3a01c3e88,0
cefe64b4f,0
11db2e1d4,0
c0654d4f5,0
e98492667,0
0c76a33ad,0
2538e0716,0
5e802f360,0
f267d94cc,0
63a4aed70,0
54f73d67c,0
d29cd9c2a,0
2cccd8e5e,0
acf17fceb,0
f4684cdeb,0
c357e5a70,0
02821f581,0
1e954dd4c,0
b687e4bd9,0
efdc65d2f,0
f0f900bec,0
f8aff0cd2,0
e722a8f86,0
ade6312b1,0
97a7c1e5b,0
dc5ba9ff5,0
6b1551121,0
6dc57d8b3,0
ab218ac50,0
f7696fbde,0
600693e8f,0
8fa0abb21,0
af2a02abc,0
240e151af,0
dc5498af1,0
bc62cedd8,0
cffa6d1a4,0
e788cdf9b,0
af8f1a4cb,0
9b1b30062,0
67e65b379,0
4e65f53bb,0
488cd2512,0
8a81276fa,0
867374cad,0
8a952300f,0
5bb0fd4f7,0
78bd1cad3,0
24032b382,0
a324dcaed,0
81bb11926,0
b9b1f27a7,0
9c1ca344c,0
a6105941f,0
22cbf6e58,0
b9811a813,0
55b323b0c,0
35b66a46d,0
999be9923,0
ada4b9362,0
e3c7bb70c,0
cea4d818e,0
f509e2cff,0
60711fbc1,0
56a33cbaa,0
f6e02f90d,0
eef64c945,0
1a9d0eae3,0
f735fb308,0
c33ac1a9e,0
ae3a8a68d,0
4d14ae692,0
ec53bc088,0
5d56a12d9,0
d9eedd469,0
6a69d191c,0
ca9c4b1e1,0
8e07cbf1b,0
f97785498,0
4a122e0ad,0
ea86d7b46,0
530bde853,0
e32696dd7,0
597bcc032,0
1548838d2,0
965dfff6a,0
84b9be4d6,0
85aeffc62,0
b3faa4ebc,0
54dc06c7d,0
4b57c7aaa,0
75906e681,0
80acbf30b,0
03536aa93,0
aa32d1bac,0
ce17d08ea,0
763b49b1c,0
f986f94f0,0
6a273ddf9,0
99be4bfbc,0
5112d23be,0
79f93fc6d,0
ed43b8e78,0
6aae558ae,0
405a7d77a,0
5ab25460a,0
875510d5c,0
b82a2a3d4,0
9290d73a1,0
7c2f23622,0
143e26686,0
004b88e09,0
2f230552c,0
3d99a3247,0
6016dd857,0
19466d61e,0
0c295f0fe,0
acd745458,0
f0f2f3e0b,0
edad0d3ee,0
5e01e9489,0
b9eed2baf,0
6899ceaca,0
f2586d647,0
24bc6b404,0
f0e91b85a,0
d0570b30f,0
e69fde9d7,0
61ceb0f5b,0
a853842c0,0
4f037af7f,0
36da5e9ca,0
5bf457360,0
d92a98c89,0
1559449c3,0
8b15247f7,0
d1b0f75fc,0
d96704410,0
4191e9966,0
d415cf45d,0
b32d80296,0
4b0320af7,0
491a37339,0
3962a6493,0
12b48d46f,0
28f90d5f0,0
8f8ba278f,0
4ddf168de,0
523dfab06,0
212081efd,0
6d00d0707,0
61290cc43,0
fc3f3fa1f,0
37e16acde,0
5a5e8deec,0
7a8a88b42,0
01c633ff1,0
b1d61c023,0
7acc72b45,0
e7292df85,0
3dee899f2,0
317b22963,0
4a3bed1ab,0
36af4c914,0
2d611a037,0
7db44032e,0
14d0bc36e,0
151cd8478,0
bb298dcc5,0
6d789c449,0
4b8fe9f3f,0
c61f34131,0
7cdae8d89,0
f638bd582,0
3dbd32e8f,0
289e5b823,0
3d199ab7c,0
f85f090f3,0
72b388c16,0
0c288213f,0
edca7ed7e,0
eaf19ec05,0
d753dc261,0
eefdd0431,0
5fc2cecce,0
09cec0e8a,0
9aa0562f3,0
fac7af031,0
6d34e11fc,0
15bbc7306,0
5ced5d4a8,0
d4ae8d14a,0
500c28291,0
1a25cc01e,0
4d0229802,0
4fc55f7bb,0
6820bdfb3,0
777ef8066,0
3433a69c3,0
0b8333bd9,0
503c5b1ab,0
f0de6586c,0
33d008671,0
385bb724a,0
0186b465f,0
4f49753d3,0
06ad3fc5c,0
71ee25b79,0
358cb6a28,0
8f76524a3,0
3d3dbb521,0
73a3ae7ee,0
1cd461407,0
47499b166,0
849e05914,0
7b825842e,0
6959092b7,0
2080c5234,0
50c9fd635,0
5e216ec7c,0
d70fac2cf,0
f2f66f2c0,0
dcdf04ae1,0
5924c5e47,0
f9acd27a7,0
492569251,0
6326ba8d9,0
e69beeff1,0
c0f132f35,0
4925bf95f,0
1d3f0519b,0
ad85435d5,0
f229ebf45,0
87a37b4cd,0
a6c8a28d6,0
6fb943b8a,0
5233ee8fe,0
92025e489,0
ab54ef65b,0
45162353e,0
efcc34447,0
a2fcedaf7,0
fd5eb7e8c,0
c3bcd37c1,0
aa070417f,0
7302be7da,0
07be81d64,0
5699993e6,0
cdbac498f,0
1a2e45581,0
54f09b0b4,0
185f4651e,0
467d1a4a4,0
c0e0640c6,0
fe843e592,0
1aeda3f6e,0
07e4f36cd,0
3c98993ff,0
7abf68943,0
b51c9863e,0
af51f29c8,0
41f6cf7e1,0
bf679c82f,0
d6f707315,0
abcdf9705,0
bd2e8c9b0,0
e830a4d93,0
bfcedb4e7,0
dc77fccc8,0
5ecc1c8bc,0
e33d3b318,0
60b3c1ec6,0
ee6340fc0,0
7605a3733,0
230302d1d,0
2e78d7d23,0
09780bc52,0
776074cae,0
d71ba33b6,0
7de565519,0
e9a190503,0
b319ff6ce,0
1432b2d26,0
d66f375db,0
0c8b4c597,0
5d35e5409,0
f0e0f2a32,0
f3d6a27d5,0
b41fe0aae,0
80d468ca4,0
0963e2956,0
60a51b6b7,0
9cb5c3012,0
8ce0043be,0
aa1db9aef,0
e8d0e382a,0
ccc54a4f5,0
a1c45a1eb,0
1b4b7b0aa,0
c3c540406,0
5fab0c048,0
ed849ee3c,0
b125a5970,0
b3411ee1d,0
64a27fd4c,0
54296cd42,0
5e003d916,0
be82bd09f,0
5b69d3121,0
9f80ffecd,0
e60d33c82,0
4c4fda276,0
50a645c94,0
dd4a193be,0
48b580700,0
ae61e912f,0
6581fb5fb,0
dfb7f1e61,0
873590360,0
91398b8af,0
9fcb174b6,0
1e155978a,0
0ac2378b9,0
a473f26bc,0
be2c310d5,0
220b46a44,0
88be303e1,0
a9a679316,0
539a14033,0
acc377b86,0
7b38952f6,0
79245d0e9,0
14519334a,0
c3222a379,0
d4f431dda,0
07565a412,0
7d7a8baeb,0
12c03d834,0
fee53d77a,0
874df1738,0
94693762f,0
902b5770f,0
f37a76430,0
6b7f80246,0
abf65b6e6,0
e696c6605,0
fdaf286c6,0
5b1892dfb,0
8f4a554f2,0
2a5d624ae,0
725cc0c4a,0
c210cba33,0
d81994ed2,0
f2d476916,0
a01133fe3,0
f76006728,0
ce6096353,0
0315a723c,0
2c9dc020d,0
81f2fa04d,0
c293ccc31,0
6823dfca4,0
de757dbb0,0
e810fbb6b,0
a2d6fcb7b,0
75a50917b,0
308dc8750,0
0d4b7df42,0
0e3a60b3f,0
9be084d41,0
6aa4095a3,0
99caeeea3,0
a19256173,0
fbceab432,0
c779948c7,0
25691eb59,0
9856ba8b9,0
a0d5a99e0,0
b7af85f6e,0
7c8007f01,0
ab905cacc,0
6ff58f465,0
c1435ebc0,0
b56ccfec7,0
5398f55f4,0
9e011c986,0
1336ca52d,0
8d8f3ee47,0
af7eab8ce,0
6386c2d78,0
b3cc561cf,0
14a804b2f,0
c29915daf,0
4884ed7c2,0
78f6357bc,0
b241ccc78,0
e283e73fc,0
6e7b662f3,0
d30f4ccaa,0
149d11de6,0
c90a12d27,0
5228fb3fa,0
4bfdec3b4,0
37885d3c0,0
465acfa7f,0
266ae8451,0
683ad13b4,0
1b3705cfe,0
8cee8b405,0
6c269a2b9,0
8ef4a7754,0
64c056f47,0
51b1f6a59,0
e3fb7b8e0,0
dd0839e53,0
2f4739680,0
e7ec33080,0
8d6e9cd06,0
35311eba4,0
096df77da,0
0950aa4c0,0
86935b0d7,0
f796dac32,0
cf192fc6a,0
1a33ad4d8,0
aa6a116bf,0
a7ab2ef02,0
3fbe83f91,0
2395c9740,0
b034c82ce,0
c8d684975,0
9e46889f9,0
a12ed8ec5,0
8d8c840c4,0
3c3316506,0
b7ff1634e,0
b8c434ee9,0
86afbe278,0
2afecec3c,0
a6e0df6f5,0
1fa3035ed,0
251a8d95d,0
3653292ac,0
050bb1262,0
91fae734e,0
3cf6321ab,0
df76ddfcc,0
db9c84b18,0
8097bc805,0
e96d15acd,0
cda807af3,0
afac3a5b7,0
9dc89dc6a,0
41eb38ad4,0
904bafc6c,0
34aceeacc,0
87a338501,0
d5d2c10fb,0
467a87b6e,0
2cf6e6419,0
d57064ac3,0
301054988,0
80abd878b,0
e9294bac5,0
ebc1583ce,0
3b3341edb,0
cef09a713,0
33aacd395,0
f8db20c1f,0
b35d89433,0
38d113afa,0
e95556293,0
40752b008,0
486ddc6d6,0
1706c5144,0
6318d6cfc,0
a6bda1044,0
f7107a3a4,0
0a825b67a,0
546ea2a87,0
3aafc89b3,0
f7f45e1d2,0
8846a7457,0
10b54687f,0
8b7a73f76,0
35e87cd85,0
370fe09fa,0
01337a0cf,0
618ad631e,0
6c1e0dfda,0
0ac5ebf0e,0
341538182,0
99e810fa8,0
c8e30f4c4,0
7eb988267,0
96112131f,0
5382ac6d9,0
5cc548c43,0
c92cdfeb4,0
be75d9856,0
fe9040ec8,0
f6d873abc,0
8c6fd0ec8,0
474219bf8,0
d55497abb,0
8361401fa,0
9843c53a6,0
d062630fd,0
c9ae3ceea,0
8fdb0b741,0
fe80ea2ff,0
b145790f2,0
a1e81894c,0
6cc8bfcf1,0
4194b2615,0
35aa8898b,0
498c0b419,0
f116f4ff9,0
494e86d83,0
67a25ece3,0
ecadeb0a2,0
bdf131dae,0
49f7cdb45,0
57a04f0ef,0
5b15fd082,0
0e3f76f4b,0
2a0dc41cd,0
f2a97a3bf,0
0f40f447a,0
62e5874bf,0
b796fe951,0
6ef97d18a,0
bac490985,0
23f960bbc,0
8d3aa53aa,0
2ae165ee8,0
725611911,0
b46f208b1,0
2fe816ce2,0
e44a6c4d1,0
027ff9d9e,0
3dc8e9edf,0
5b646246a,0
2c7a32907,0
e4ba02634,0
5edeca301,0
d2277f8e6,0
2451960a2,0
bfda38c44,0
7eb7812ba,0
0f25f79f8,0
8c7c3dbb2,0
f6f80e6cd,0
567e64f51,0
4565dbe4c,0
2d8c06a3a,0
a82ca5b13,0
8996126cf,0
d493e1205,0
96b039170,0
7c23c9246,0
2382c277f,0
cf3047df1,0
df3b6edcf,0
df8c1c48b,0
4646117ab,0
0072f64ea,0
ff9c8d8ee,0
a16eb5fa0,0
91db7053a,0
a97dcebf1,0
099a2107d,0
45a702ee8,0
1ff3a322b,0
d91b12e12,0
e1adf9362,0
64dfb8137,0
b52d8f0a2,0
eea83069a,0
db09a299b,0
bd3bf8f16,0
909e04f8d,0
855229539,0
d2e37916f,0
b390e248d,0
1bbcb152a,0
1ffdf0d9b,0
1461713ad,0
957f42d35,0
9af5f572d,0
e4bd15b11,0
6f81b250e,0
6759ac31a,0
64923375e,0
f347c4666,0
f2d41d6c3,0
f23084f4b,0
bd8830a6d,0
3920794fb,0
3901d45a9,0
b9f422445,0
5255b9b6c,0
0a8a36c25,0
92ec435fc,0
68596af51,0
d82441a6e,0
465605e5b,0
d829aea86,0
3b2fe5739,0
bdbec7ef5,0
64581ef78,0
582a4afd0,0
2bf04d18b,0
8716d5221,0
d702d0c15,0
bbad1c1a8,0
7725cb554,0
1fb45cb2b,0
09ddc01cb,0
a1bd64c5b,0
e60d19647,0
450dd240e,0
b67bdf3d5,0
ef0ffb5dc,0
a2aa2199a,0
a66f7bbc6,0
10101e982,0
51f6d891d,0
f4db33d12,0
c8ff3649a,0
02378eeef,0
5e0cdf39d,0
145628804,0
8a8fae985,0
916834e2b,0
94bd779c3,0
44903b337,0
2e211accd,0
0b619448f,0
e8cb185dd,0
06006e0c9,0
519f5b078,0
bd401fd21,0
330ca12c5,0
605131c3a,0
232a50a3a,0
9ff246fe6,0
d3cdb9655,0
3863b7205,0
563ee45dc,0
84fc267ba,0
53033eeff,0
805e9a7b0,0
77aa8505f,0
d0ee253f0,0
ce6f860f1,0
68b83ad56,0
420e4c39d,0
dfd66382a,0
0120d37e5,0
9cd6277d4,0
2861b1d79,0
40d992dc1,0
ee2fd195b,0
e5b0c4faf,0
36c65119a,0
5da2bfc47,0
ce60e5f2a,0
657a4ea19,0
f1495d941,0
0d3269c35,0
9c1fca4fe,0
08516fa85,0
c6e5bc142,0
2d54b796a,0
acc5f6c4f,0
58c90fc33,0
d1dacf9dd,0
61fab76c9,0
9c8dc2ba1,0
627f0996d,0
50f72bf43,0
9123fc9c8,0
e799e6e75,0
9ba7dcc7a,0
4fb5992b3,0
366fd6686,0
9deaf95b1,0
212497b97,0
960b40f5f,0
4f855f8ce,0
3ad3208cd,0
811add27f,0
0e0caa0a2,0
a9f3ec5aa,0
92d062d8d,0
a68286bc6,0
62b5e80ae,0
5c54f01e3,0
debf90490,0
01262c8b3,0
96cc54a3b,0
c6fdffb79,0
4b4223c92,0
386e40044,0
3a1c2ac95,0
622301a2e,0
f59c3ad7f,0
3599e2fbf,0
dbc26a259,0
745cf5ce0,0
e8a6ceac5,0
9e60a5b0b,0
f0727012b,0
db4859b98,0
46d095eda,0
0401b69cc,0
9b3779536,0
e68f95550,0
dacefb140,0
ea0b66dd1,0
dd88fcaa1,0
8af7864d3,0
a5f5634a7,0
ca256fab6,0
756c7c9c6,0
e93da9242,0
6180782c6,0
5134a2245,0
f718d5fff,0
69a2f544d,0
e881c39e6,0
c93150ab0,0
6760a8b60,0
d0bb3317d,0
7d7b3950b,0
76f661311,0
0c6b189f3,0
3f5c2bb22,0
e958b63e2,0
0b2640e87,0
53cd52d9a,0
4f2196c72,0
c785abe6f,0
d3ad608e8,0
a1b523d1e,0
bbaef0141,0
c0f55d16e,0
fd53118ce,0
925f36b79,0
842297200,0
d8f9c9f6f,0
2b47bed50,0
1329c5b4a,0
dba16733f,0
fd5cd4e2c,0
94d32655a,0
c393d0e16,0
3daea4675,0
f1e71c574,0
21ea59543,0
1dc077696,0
8bcc6b0a2,0
5d59f9a69,0
50fe6ebcd,0
6c925a18a,0
275952360,0
539e41e9d,0
1d51372a8,0
cafd03a2f,0
de9010824,0
b1391f097,0
9fb9a9e81,0
35946cce9,0
4e7bdb1cb,0
bba2d82cc,0
09ebedf6a,0
f68109bb5,0
ce27113a5,0
369e356df,0
85312fab3,0
2ae7f866e,0
410641125,0
189976301,0
dc826db21,0
f5e86abe9,0
01492b421,0
52e436680,0
aff590876,0
2a0a14e04,0
ff5d4568e,0
a7fcb3749,0
0d9e342f6,0
98fae1d61,0
2655440a4,0
d6cd39e5b,0
ca2cc5375,0
da5d0dbcc,0
0608f2ec0,0
014809654,0
c5fdb2459,0
fe6991e3d,0
f33705a47,0
e1b3d72dd,0
b9ba7799e,0
27dc84ff6,0
8876c6402,0
6bff70a64,0
856565e67,0
abb27a80c,0
65ad21fda,0
88a7e7bcc,0
7a512bfa0,0
e4c0f1e32,0
08a7d77fa,0
9ae160f11,0
a016dd653,0
b0f5721ca,0
3303a56a6,0
98320c076,0
2f1f2d1d0,0
07283a3e1,0
ff67d505e,0
6a664ced1,0
cad6a0d66,0
3088361cd,0
ee053208c,0
c128b1e28,0
8d36d1fd7,0
1eba038ad,0
9ada0d093,0
7f7c6d039,0
c5f7f7fe3,0
e2987599c,0
e72ba29c5,0
dc370d0dd,0
1aebb60d1,0
e6171fa85,0
c9db9600e,0
28462ed13,0
b601d9f8e,0
16810b3aa,0
1f750d4e6,0
1d49676bf,0
7de7343c3,0
1fc614660,0
5ff5a39ea,0
53622739f,0
02434c828,0
14ea3ffb9,0
cc98ccc8d,0
43c7672d1,0
dbc79f0f4,0
1886b234a,0
0a9e05e74,0
1d149bccd,0
103a4a0e6,0
abc1d37b6,0
ee6971d20,0
8d94bd8b9,0
b6bc88c1f,0
b83336a9f,0
f1641e325,0
7e3809573,0
8e681fe39,0
e730f38fa,0
af511f5d0,0
1fb1edaca,0
d28273036,0
10acd2f2c,0
14d3647ae,0
2deaeb284,0
3231f45f3,0
6a414bfdc,0
7cae1c547,0
a8ba067d1,0
8253629c8,0
337c0f7d7,0
3e4825fb2,0
735b3631b,0
855c5dccd,0
54a1667e9,0
67b0d01ea,0
08770c1d1,0
8bfb79995,0
ee23e898a,0
63bcdd5bd,0
69af53dca,0
c5d48fbbf,0
44c94e8b0,0
dc40a9854,0
72b3fdfe8,0
c51ad1704,0
337ffc67f,0
9b9e080c5,0
211c90566,0
9b1d44428,0
43428f900,0
9d3360932,0
c18a20c3d,0
817ab4ca5,0
82c3b7f7b,0
54d263a8d,0
721301e6b,0
a62dba9de,0
ad9aa2ae2,0
8303a6784,0
cd86aac5a,0
4181451b5,0
7827a1d5b,0
02055dd80,0
5d1259367,0
b4aa13520,0
c080ec831,0
240684145,0
522ea009b,0
cdf877752,0
001e13533,0
5f024c911,0
321437b6c,0
fd6b80e18,0
dc53769ad,0
f0f7de90c,0
1344e985d,0
18c7b92b8,0
497a53f79,0
0847f61d9,0
486248544,0
057112f09,0
7eb08a18d,0
a8f945820,0
95a6fdac6,0
dc39aab6e,0
ee83eaa8f,0
0535ccb68,0
010c5d8fa,0
5752ad3e2,0
ce136eb7d,0
7790e656a,0
2b07811fb,0
065817704,0
fac4230e7,0
8ecdad441,0
2cf137648,0
aa063d915,0
f8eb6ec7c,0
3052916cc,0
2cb6d8130,0
9a302252a,0
646e258ec,0
2acaabdf6,0
35b87f500,0
31dae2136,0
59b2a320d,0
d69a2d62b,0
d7388a066,0
f2419f856,0
7dcc4ff7e,0
fca2f698a,0
bf9e90a5c,0
216703083,0
2f9bf2b8a,0
a546be8e9,0
534b7cc36,0
66df2d548,0
73633e6bf,0
1363038b9,0
0fccb02fa,0
76809aa23,0
9e4eb029e,0
c2bc296b9,0
662f45b2d,0
977a23c97,0
706729fd6,0
9f2d4991f,0
991294873,0
f84be6387,0
7257ec39b,0
c96b560a3,0
d70ee220d,0
cc16ab1ba,0
eb0d37eab,0
9b9381ad6,0
e8c36457a,0
e665e264d,0
fb2895935,0
f534d4ae1,0
b299b2022,0
45ad763cc,0
167bb4270,0
38a3caf8b,0
b99ddd49b,0
1932af102,0
2313d0e1c,0
41f7c2604,0
30ecc23d5,0
3856fdbd7,0
9d3f09890,0
e2e8f7c06,0
7adb142c5,0
512aaea7c,0
94d387cd6,0
6f4179bbe,0
e345afe29,0
5f729cf60,0
a7af85579,0
8e96d5481,0
9174ed35c,0
334df9a32,0
8a566296b,0
d7b1f9c1f,0
9c0cad204,0
6f509e3dd,0
8d8da7a3e,0
5c8d0266e,0
bfd66b238,0
57fb229ad,0
0f9da9757,0
033f56581,0
47e7d602c,0
b764d3dd7,0
7484473e0,0
30b7ec090,0
38b929b8d,0
872eafd2e,0
5857637b3,0
e469820b2,0
cb59a4824,0
2a608c0db,0
b57f26c3b,0
a5d650b37,0
4dfea8574,0
8d808a07b,0
69c31f86a,0
4cf4ac658,0
b605cac2f,0
6e74639ff,0
b2104558a,0
3a49d5a25,0
d615fd16c,0
0dc26fe1b,0
7a9de4b35,0
d325e5d76,0
d90cad151,0
6ab2a7198,0
ce5f6dcef,0
197830e87,0
a16bdddf1,0
711216a77,0
452ec84b6,0
57c274565,0
8ccdebad5,0
cecc8c55b,0
e9fc9a217,0
e91cb4f98,0
086fcc48c,0
0d48d68af,0
0be01212b,0
8bb630662,0
24ef54ca8,0
74973ce69,0
fe737e3b1,0
4bef06f11,0
9ddb372cd,0
a9eaae137,0
14ad22971,0
c1d072b0f,0
10e3859fc,0
d3ba42b8a,0
a81b149d6,0
e21d2982a,0
1a5b47e16,0
4134d5714,0
805888e57,0
935518c47,0
63348128c,0
93178e5ac,0
5ce48d24d,0
398744450,0
f6820c410,0
061988edc,0
bd1b3d191,0
8cf5bf4df,0
083c5dcc2,0
0435e3c70,0
abe2e74a6,0
1972bae11,0
ecf751fe5,0
2bc5a1d42,0
2994ca253,0
710ee21be,0
368d86c92,0
8f7dafef1,0
903ae9a2b,0
68039396c,0
4cc12b820,0
139b1d751,0
6c7e15c23,0
887cceb1f,0
1a6b89e31,0
35bb514f0,0
e826a5f20,0
49b260995,0
1327f9bd0,0
528c13be5,0
92782ef45,0
0313e231a,0
1ee5a55be,0
45a842008,0
d53eb8a52,0
ce5af8fc3,0
2d9284433,0
79c5126ce,0
186a8ff9c,0
b61f62d90,0
854453303,0
623270c63,0
bd9cf6b4e,0
0dd4bac89,0
aa12729de,0
9a4b0da88,0
d8d27a914,0
0c705e746,0
f7457839f,0
2b08a162a,0
e2b90e868,0
f247352ee,0
543a799bf,0
af4873fe3,0
95eaa8650,0
4daec49fc,0
05071bc4f,0
4078e0b39,0
e69b66458,0
c9d5ec522,0
71aafc964,0
8a81cba04,0
8dbbf9d19,0
0713eb9a5,0
cbe14bd98,0
c38884c9c,0
42b0abd95,0
71cc05cc3,0
d3777d5cb,0
e2480f460,0
206b27d1a,0
9199afd98,0
7be31a9a0,0
640bd467f,0
6adc43d81,0
b79cf00ff,0
a2f66236c,0
c25b13b1d,0
a6ef2c9ab,0
ef40d788a,0
2ad78f9c2,0
f7034380f,0
cc0e98f9c,0
719a12da9,0
a645ada8e,0
26a9dc162,0
b335b5bd7,0
15ec03f5e,0
1d03ab65a,0
12b630964,0
8d195e4db,0
875858dad,0
37771fa98,0
505515f6b,0
1f7554862,0
46d056d14,0
0e4cdf053,0
a8e11ba37,0
5345fc847,0
16b00a5d5,0
7e53bd3db,0
1c63f50d1,0
afa55360f,0
3f3cfc6e5,0
9bb756baf,0
29040ce6b,0
1e8c44cbe,0
cd27460a9,0
64a087667,0
4abefc989,0
e44de523d,0
ca82d5eb3,0
3758eaf1d,0
6ebd051c0,0
679f13cfe,0
139bec7ca,0
6fd250f15,0
015a601e3,0
c6c801e09,0
22915105d,0
1e3e2da00,0
56cfcf9da,0
7371defc6,0
98e5cf2d2,0
35372e4f4,0
40fe28512,0
c9c4ad186,0
42cc20908,0
792982c6c,0
a7b95dad7,0
c1c26f4ec,0
4ba73aa49,0
73092f468,0
42fbaf02d,0
627e5cd5a,0
929ac8834,0
9c5095d94,0
187ba6ef0,0
9a513b251,0
1ce1a7e34,0
d14a0c9d2,0
218ffc7c9,0
5beab41c5,0
67cb3cf97,0
cb82723d1,0
5de25f69a,0
58c271df1,0
bee47a94b,0
3a3274d90,0
1f244d315,0
49f2ca2d6,0
f552eaaed,0
4a608f8ad,0
4ba2dc197,0
e0f242a92,0
4a506053f,0
cce4b16f5,0
65d4e9994,0
8e612d36a,0
4efdca978,0
6ea1e9ac0,0
38b48be78,0
848c7cfe9,0
37b58af62,0
7b566ed00,0
aa118cbeb,0
88728f169,0
3625c81e9,0
234f9781c,0
1446df348,0
da83fb069,0
62d2aaf89,0
367f31c9f,0
69f5b082c,0
a20b98b33,0
92cf0e905,0
2ceabb5ef,0
c0dd27777,0
f36c00407,0
63ed2755f,0
5e7372874,0
98e101a61,0
754250691,0
3fddc8eeb,0
ca53ebc3c,0
db53bafc8,0
839922a66,0
a6732ac2e,0
dd7ae60d1,0
9d65f5961,0
dc405fd04,0
bfefa1d73,0
de996c4a9,0
59f5594d7,0
2adebc1b3,0
7a552ca1c,0
18e22af9d,0
7fccc20cd,0
656c8e1a0,0
2e4395110,0
218676c6c,0
84412137d,0
a4f827652,0
45c11697c,0
27bf39b00,0
e7791dc5d,0
c127de43c,0
fb61eca01,0
4df5a7b4a,0
4250ed062,0
f7f77acb9,0
3a391563c,0
8ed239a08,0
22b20a20f,0
6ed6b136a,0
0497c3265,0
6550b53ba,0
cb5c98667,0
178290233,0
c86cce658,0
3a44b1b54,0
757541c30,0
689a0fbd7,0
11ed4fed5,0
2abdb1c5c,0
495523f05,0
d0e47da08,0
fa7866999,0
9de211ea5,0
973172c57,0
1d6fbd789,0
88d3afe93,0
3bfb94587,0
05ad9d40c,0
4c613566a,0
4091cbb29,0
bbf51ba25,0
c4c67ba42,0
f5c310736,0
e8bf3b5ec,0
a5c3359e5,0
dbff359cb,0
926ed805c,0
a3c091760,0
eda0c70e5,0
afdba6c0f,0
c90849e35,0
455ebacb0,0
42ce82871,0
f38eac7db,0
d2b091c3b,0
c67446d52,0
052f7e154,0
e45e707db,0
797da59fa,0
b74047d71,0
c61564271,0
f0a786428,0
c09ec978c,0
a46582e86,0
b3d9e6b6c,0
f337de2b3,0
e60c3bf54,0
75001ddea,0
c8aa236c5,0
d445b47b7,0
369693f04,0
1691d45e6,0
cd4b41085,0
f5ae2d10f,0
b2004fc1c,0
9750fe0c2,0
29a77c458,0
cde20b1b5,0
f3c3215ff,0
b15603bdf,0
10c508f77,0
0dd7f1f16,0
89c87633a,0
9351e7281,0
08263abdb,0
b0b2364f5,0
529f2ee42,0
9333ee3f5,0
00d32bef1,0
386369977,0
ccf2ec80c,0
c931dc74c,0
d0e1963b1,0
0ea98df12,0
d7d655c8d,0
5d3cac88b,0
39f2c9f4a,0
124b3526c,0
1151a0d22,0
2dd56f346,0
96df0c6bc,0
3267460df,0
504495975,0
666f4d363,0
3f7a7e0d8,0
92debc194,0
d5e054427,0
200cac2fd,0
34cc8d691,0
6ebdc31d7,0
3ad81fa96,0
3bb893d48,0
3d814b28f,0
f028e8401,0
abac36cc0,0
1777595a2,0
e3069605c,0
679f0dac7,0
89fb3d0d3,0
75607a399,0
d0a99b293,0
967c6bf80,0
1c1daa6da,0
7b53e5791,0
21d31d208,0
4d8257f18,0
8b2b9d6c0,0
5a33b53eb,0
de4b24dec,0
f5207be25,0
bb5a3fd92,0
63d72a8b5,0
33fd32684,0
84fece524,0
ada310267,0
79686d60a,0
40ff0c11f,0
207684fb9,0
760d22629,0
e1b63aee0,0
38b394064,0
500ac8bc6,0
9f447b11f,0
473c84ae9,0
531165006,0
3a1d5b5db,0
85934f1fd,0
43ac410fd,0
0ab78aa76,0
f73a6bda6,0
5ed355568,0
767a87c4e,0
2b9959134,0
fe214efde,0
461f4f5b2,0
abed810c6,0
3e7ae2503,0
af5e2bbd4,0
81c8c5199,0
b8e0b2ee2,0
29bfe409f,0
5586807d4,0
ccefc605e,0
3510270ee,0
b3acfed2e,0
36a930b87,0
b7c02d7c8,0
cb697da69,0
d78b3b629,0
a673ada99,0
ccf5f3de8,0
2c4213574,0
334118e8f,0
74ecc535b,0
916e18133,0
9011dddde,0
5bae6010f,0
9bf7190d6,0
c62460407,0
04e0d362e,0
abfe5bd86,0
328aba75f,0
b631d859f,0
532e6c637,0
111388cb7,0
93e296cef,0
402023b27,0
662f8bc0f,0
84b7495d6,0
c3ae73094,0
dfbb8c112,0
a8ec16428,0
50a1849f4,0
b04f7be54,0
a1ae9344f,0
aef983095,0
c3432750a,0
032ca1556,0
bd4976820,0
743a39958,0
30eaaa6c9,0
e00aa2535,0
d18e36dce,0
98a3b2209,0
3239f2f66,0
f94013d99,0
0aaa84d90,0
b8fbf9eca,0
ebc612beb,0
5f813832d,0
97808297d,0
adacc3a94,0
29bd0c56d,0
c48f8f050,0
061e3b226,0
0be81ab06,0
fbfb8db0b,0
53b2da1bf,0
47f7fcd87,0
8212b672a,0
87b9d4bb4,0
599713c6f,0
154896ab2,0
5bdd76ad6,0
fb745f800,0
a7c42fdb2,0
66d3a82e2,0
3bf2347ab,0
6f238770e,0
e1d159561,0
c7acfdba4,0
be953b60e,0
0ce7adbea,0
876b105eb,0
d6a792c0d,0
d08fafe17,0
a195eb3f5,0
b70f99706,0
d4ab201b8,0
263d09ca7,0
3beb40bce,0
ae2864464,0
3a9b30bf8,0
9a1c7e11a,0
9de01514f,0
ab35917f7,0
2ee9ba725,0
dd102e397,0
d376c4365,0
37aab2807,0
9804741b6,0
ac1156cb1,0
fc220624a,0
f2aefc6cf,0
f60ba81cc,0
c83f746ac,0
0aebb315e,0
93100914a,0
67cc6b5ab,0
cc9cd7803,0
37525f380,0
adad9bef9,0
27aa48f60,0
8ad5daf80,0
77767dd21,0
8965a61bc,0
bcd08a7dc,0
8ab8cb727,0
a2d5f3e8b,0
0bd70c4ae,0
15c1eb33a,0
86dbae006,0
5de6bcf29,0
e36cefcc1,0
23ea13205,0
31323febb,0
a40c5b66d,0
5ec4acbb4,0
7cff9aa7b,0
ebd745005,0
232ad11f4,0
e3b0ff721,0
923e37397,0
1a5e9517f,0
8ca2371d5,0
40bf06f20,0
cbf0f9495,0
1fe55a939,0
47c4e4fce,0
aa6a6c73d,0
8e66ce122,0
79bf0f076,0
a31f90373,0
0394a004e,0
78235a81d,0
5cdbf8228,0
931e94184,0
45bd6ecd8,0
9e87cc8f0,0
cf86bf7e0,0
0210ba20b,0
a959c7034,0
91433794a,0
99b639774,0
4e9ed92fe,0
b41a52def,0
e611ad6ae,0
5ee6cb24d,0
269d88554,0
4b2c0659e,0
dc4f97c9d,0
a35a4626f,0
66f455e67,0
ddaef039b,0
e8aba010f,0
2e9790332,0
d974a8a25,0
d86ebd20a,0
89e7620ff,0
367f0d3ab,0
be06b31f4,0
34baaa6cb,0
789e0279f,0
38faa7eb9,0
666d25d39,0
6a881ec8b,0
096e3e1fd,0
7a7fefad9,0
b3b55322c,0
6f40daa0e,0
13ae95d53,0
9980474e3,0
eda9f61b8,0
e4e3d8a4f,0
6aaaa29e5,0
547815be0,0
c46f7eba8,0
401b6e0c9,0
db2bf0488,0
564564fa1,0
996a4ac53,0
eed177624,0
b7ecbd370,0
b6ef5389e,0
4347196c6,0
fc8428025,0
56a02070d,0
ac263553a,0
785e7d196,0
28f52a866,0
4ae7d6827,0
21608cb5b,0
916ee9985,0
490efc553,0
50f97c747,0
0087eeefc,0
9244f8d54,0
516ef6822,0
8e5430d77,0
acaf761d0,0
f00ba69b7,0
6c4b066af,0
127e61a47,0
7a90903de,0
aeaf5ccbb,0
87ad47626,0
62a682a26,0
67ecf7563,0
109a722a1,0
5febcda99,0
691ff0015,0
6eeec13c3,0
5b9abdbc8,0
26f0c457a,0
7409a08d2,0
a08ff3c7d,0
bfcb81efc,0
bf9efeb37,0
d14992eb2,0
e91e87dd4,0
da0a25a77,0
ef9591f3f,0
487fc089f,0
c52257cf9,0
d00342c5d,0
364e07591,0
ed8c3c3f8,0
dfb5140d1,0
3ff1824db,0
f67596886,0
3ee4afec0,0
7f4520e95,0
c87bbe155,0
74ee51f2f,0
1c8122f7e,0
a9cfe91af,0
dc9af495b,0
5e5acfa07,0
b7ad7d574,0
9ea847197,0
a9f0935ed,0
5e2692d15,0
36c344ab5,0
832bbc430,0
997575057,0
4b4291637,0
9556bf430,0
7300f20e6,0
b09f6318c,0
23cce6771,0
8260f8641,0
3c525cead,0
21a0ef857,0
0fc65150e,0
288feaf8f,0
1984a614c,0
3cf28a050,0
410639882,0
19e95658b,0
1f8e21c54,0
649dd8ff0,0
0dffe81ea,0
6f3f4d188,0
c36b30d62,0
1513105d2,0
f5da36491,0
5f0542bfc,0
1fe1e5c34,0
7b46c52c3,0
a78af18b7,0
d7a64d386,0
54cebd37f,0
af669d8e8,0
20563ebbc,0
7046567c4,0
89f3b6297,0
176afa321,0
cc99ce5cc,0
a497a8c2c,0
351f462dc,0
04bc5ff61,0
dbff9bca9,0
bd4f8c863,0
979d4369b,0
77f19a3b9,0
5f8f53f23,0
9f392cb03,0
9b442480c,0
4afa6c98e,0
76c56dda7,0
afcddfdcd,0
003882deb,0
95c77ab53,0
ceb261e4c,0
343f4db58,0
41e36fab5,0
d19fb376e,0
d77fa0d2f,0
efa3cd848,0
6a3ce1e4f,0
dc8dc1ad0,0
8d5b79bb4,0
1157fe26d,0
d4f750507,0
c71b3e27d,0
9e9dda9fe,0
69ca9a78b,0
d9a8f22b3,0
63bec561a,0
96c6c97f9,0
14057210c,0
b5fd14fbf,0
509965df0,0
51d6b9846,0
29d710a29,0
2575123f6,0
6a6689958,0
6b3b8d49b,0
486d538e1,0
c548502c7,0
4f363e9db,0
28dd39f92,0
7ba1904a2,0
1b426a50d,0
439c8664a,0
e45a81eb4,0
a007c4ce7,0
085b33a8f,0
fa0d9a392,0
2669b2dde,0
132144011,0
a73efac60,0
46002f8b4,0
8df2a19b0,0
08d076fb7,0
82e9c6954,0
a7eb19305,0
17ec6d74f,0
3ae3126c9,0
4612e397b,0
4181595b9,0
7dc69b4eb,0
6afc9ee54,0
6463c47d1,0
616bbeb90,0
53d90c2cf,0
f29fbbe61,0
0862d460f,0
7560dda12,0
8deb17128,0
fcb1d086a,0
29add8561,0
d8f1c6f49,0
64144b5a7,0
f985ee0da,0
adacbebc1,0
42a9682a8,0
850acae7e,0
706bd2088,0
ab3bcad5b,0
aa2b95145,0
121fbeff6,0
078233359,0
7ebeaec30,0
0dac4246a,0
ea85ab37b,0
a0dbd84e8,0
f563b8f1b,0
9fd265646,0
e1f2ff623,0
f2cfe18dd,0
f3c989c3c,0
75bb87271,0
cf787b891,0
435e0f59b,0
6a9f813a1,0
c4727766b,0
cd35b6b36,0
7a0cfe114,0
5ac870ba2,0
9372a8558,0
afbdbbf2b,0
613831ee6,0
2eb1d2313,0
0d613de49,0
557900fde,0
514b8d03b,0
38cf8682d,0
a0c7302d1,0
70d635915,0
bd6ee4ac7,0
09c2d54ec,0
057cfa1b3,0
ba4caa600,0
2ae85b034,0
5a74ce4ab,0
166c6bbf7,0
8429cc1ab,0
b5eb21e9c,0
1d9693978,0
55dff9997,0
f01658320,0
31fd82f08,0
bb4688502,0
2d10d39ba,0
184b78ad0,0
3af79d01e,0
62a410cbb,0
7d759eb81,0
21b24a7fd,0
fc70a3b37,0
7d2140905,0
88226300c,0
a02dbf1a3,0
e00cdee28,0
91ed2728b,0
a84815a9f,0
abea787cb,0
80d50c469,0
6a8422b82,0
68510e311,0
90452c872,0
6569b16eb,0
77fbaf59a,0
8e6591362,0
77628c813,0
5f3773437,0
22f63c29b,0
19f37512d,0
8fe41c548,0
7e58b251b,0
1fed3b30e,0
3dc7bb76a,0
65c796a0b,0
2e36d4f93,0
85b7e1897,0
c6bb832b3,0
ff2e1b825,0
f2defaf74,0
f83f81e9c,0
b382faa85,0
e41a75354,0
14a69e3ad,0
cd6fb957b,0
d5766b84a,0
fb83a0899,0
73b47d713,0
5c1b0f7ce,0
c701bae84,0
a2b22b6cf,0
085ed175a,0
6802325de,0
e43587721,0
8a5e8c715,0
3edd04c83,0
b4405e586,0
9d9605a15,0
a39a47b84,0
2623d36fe,0
bfa9dec26,0
1adf45393,0
e2372e47a,0
40cec32ac,0
27c66fcb0,0
9c54f2285,0
78c02c2f5,0
58df72bc0,0
bc4c39336,0
fd34d7c8b,0
9015e43c5,0
5b3de280c,0
cf95485eb,0
b651d313e,0
0e6c034cd,0
a7b14afce,0
981687c64,0
885d5d2ef,0
8e07336d7,0
eb2216bf9,0
ad3eb529c,0
4d1ef02af,0
630ddb37f,0
319a4d6d7,0
7dce481dd,0
15442a507,0
e7870e8a8,0
0a399baa5,0
0d989f57f,0
e16606faf,0
80ceb515c,0
675e1db7e,0
36be47274,0
fcebd07c5,0
656cc827c,0
39b18554c,0
d96c3a358,0
9d96a6d82,0
c4c802142,0
671c7b595,0
e40a71ec4,0
8848222b2,0
15cb0c24a,0
f2c6cb2b4,0
816ea6eb9,0
67a4a4d91,0
c144ae440,0
c49cb046d,0
322b5e989,0
ccdbfbc8c,0
ac7c6ce37,0
cfe6b80bf,0
e4cac2e07,0
c96004e94,0
298ade3a4,0
2841a62a6,0
6db87048e,0
7b89cf590,0
baa4deee5,0
35e005ed6,0
a8d7d90ae,0
6fbef3988,0
f6ec8db9e,0
947bca713,0
29026b0a6,0
d0cd8ecb5,0
74bec8798,0
315d0c65d,0
2013e7b99,0
a8b29edd7,0
5ed174c75,0
76311e00b,0
4f02105f5,0
cd4bca93f,0
4a9a2ca92,0
a6e295583,0
2b313ee7c,0
18fba1554,0
7db900a9f,0
f9f196acc,0
4e19a3a2f,0
c2d8b52f0,0
151e1bb21,0
30e68f7e7,0
3294f5eb0,0
3a81df4d4,0
57d893ed7,0
641ae8aa0,0
8919d694f,0
adbd3dcf6,0
6eefb96f0,0
175e8c4fa,0
4ec8b55c7,0
14e124c03,0
c9c069119,0
82a37e873,0
e3542e88d,0
0d7c08885,0
7e1f50feb,0
ff2804289,0
7153f9700,0
61486eb05,0
60ba7e522,0
04f9e9721,0
92d8c290d,0
2429cadb3,0
fb3530a46,0
4ed9720ea,0
9d388b6f4,0
8d6118759,0
9367b53dc,0
51e3f656c,0
da98b5bac,0
0d5832dd0,0
7dea65fa8,0
d1eebfd7a,0
d2cd8b9fe,0
85bde49f1,0
e53134336,0
730cbd08f,0
53a05f5ad,0
71273ba15,0
f4ac8bd6c,0
083109f62,0
f7ad645eb,0
58ede4d43,0
fda42498c,0
720920606,0
deb71b934,0
25b6d41a2,0
8e6d1a140,0
5da84086e,0
b8fd3b2f7,0
653dc3b58,0
b7063973c,0
20079ffd6,0
388606357,0
4cbdaf60c,0
41a9e2617,0
0d69ec15a,0
6273f48ef,0
41beb5c12,0
d9af9a571,0
abf89f144,0
55683854c,0
6dfa10ee9,0
083ee0c99,0
9304e605c,0
8745560e0,0
a31e545e0,0
5155022aa,0
dba8e8e9b,0
60c0ff1b2,0
37822e7db,0
fe2bfa700,0
1474acef0,0
6cf753c72,0
9ed2586ca,0
8a8eefe09,0
ae016f27f,0
1ac744f9f,0
141ee85b9,0
e59f4958d,0
0664c88a1,0
f8221646b,0
c92860c63,0
55a2149cb,0
e8c49e13f,0
6cd161345,0
95a484b75,0
dd103a297,0
0e1199571,0
407df102a,0
45655caf4,0
ada0d1354,0
fbc1f1f89,0
92d447000,0
5a11b89db,0
9256e64b8,0
702cf1671,0
caf89a8f1,0
a8338c626,0
bd3518b92,0
1394e9ef2,0
b5fdbbd19,0
97beecd94,0
817066a16,0
f789af170,0
473db5fc1,0
f4f248df9,0
8024a233d,0
65bd3368a,0
0b5c8e646,0
ac1af6f95,0
e9928cf8f,0
fe590ee52,0
6fed43511,0
7b151e3d1,0
06a1a191b,0
847ffdf2c,0
dc4a5c985,0
df16e4771,0
9eea9316b,0
b7f261913,0
f2d9b993d,0
73d04b4a0,0
46241640f,0
2c9e28482,0
22324cd72,0
07f8cc8ca,0
994b891a6,0
d8136729e,0
3714d19b7,0
07b2feecb,0
960cb8c40,0
f38c7346b,0
599d64d01,0
8a6ff36a7,0
11300f71f,0
c3ecbced7,0
fb85ca687,0
7eba030d5,0
0cbc27679,0
c2d0ff1e1,0
b72fe5b8d,0
4d41db87f,0
e203d6713,0
8fc000b1f,0
ed0be72ef,0
c8c88493b,0
7f6076e29,0
ddbf2eac2,0
3c1645928,0
ee41c42cc,0
496eaacf5,0
888fb3305,0
db49060ae,0
41af5743a,0
ad9a77e7d,0
3c5103dc0,0
ea0d2354f,0
0510cce3f,0
5d17abe47,0
4289422a5,0
8988c222e,0
12d007adc,0
b845a0f00,0
9b9c0e574,0
380c9c318,0
e57ba8f31,0
3db6ed179,0
5ff30ec8b,0
aeb6e32ab,0
fc4e90060,0
5cc2f95e9,0
b0ddbab02,0
630773b7f,0
5a078c961,0
6e979324c,0
3f1a86245,0
3a9ac1cd1,0
83714b580,0
b84a40e10,0
ff264d2db,0
f03697dc0,0
6485b01ac,0
27a95ef27,0
e95ce8077,0
cf68a6af8,0
48faecd45,0
8c026ccfa,0
6162cab31,0
8d73023b6,0
67ec88f39,0
440daa96f,0
278e2fa12,0
ebe718ae0,0
6abbdbbe4,0
66574442d,0
adce755bc,0
e046fb456,0
f55caa50e,0
df723f46d,0
5c66ca3ec,0
78be4d100,0
c84ce54d5,0
5e76ba18f,0
4a5172bd5,0
09c208a92,0
7d2f35248,0
4fd1724de,0
bbbc5f9a8,0
50a98363f,0
5ff57970a,0
5a86ac765,0
7e5967223,0
6b3c00c84,0
c67210c70,0
be3a7698e,0
85f3749ca,0
8b5aa768a,0
dbeef740d,0
01597bbec,0
47f7f9a06,0
3e7922328,0
0422f8181,0
60e283191,0
d75974136,0
5f1a08959,0
da3a23d4c,0
034fca563,0
8128b8af9,0
bb0b0e551,0
c1573a6be,0
2b95366a8,0
19e07f757,0
5fbdf775d,0
9cf28dce1,0
9fe09edeb,0
19b046852,0
60c40b083,0
a17d53e19,0
9dec6e6da,0
059ea5059,0
4a30cdae9,0
d85ac7942,0
e72c5d3a9,0
98cb45c72,0
284bb203a,0
65ce506a1,0
c2c5a8cc9,0
709d4aaac,0
d8ca58a4c,0
c19d02d04,0
cd6748273,0
336577848,0
bcebc0b3a,0
7dcf1e590,0
bf195e5c1,0
aaab6a867,0
54493a1bd,0
e42b8cc4b,0
05d03cdb2,0
4641d6c81,0
27178e6d0,0
26c144947,0
7b63ffb33,0
504ce2b94,0
b2d9ede68,0
e2aef08ca,0
cb22250ca,0
f3b8a1077,0
e8746af68,0
33a504d5d,0
3655fe917,0
4c79f68f0,0
991b607de,0
cd29fcb6b,0
ed429fccf,0
bd3464591,0
603490d95,0
fc836e711,0
278e6c9fc,0
a36120551,0
3b6693e00,0
52592a2ab,0
481c58d57,0
d828c217b,0
b70a1ef51,0
932aeb630,0
e914d195f,0
3f6b5757a,0
c2a609ae7,0
7c3e5c00d,0
c08671252,0
6abf7f144,0
ff1935c29,0
6f229cb58,0
776fe6e63,0
26b8d61ab,0
347f41bd1,0
941dde56a,0
a98328317,0
26a59215c,0
4fd5cd91f,0
ef761a150,0
b87e16bc0,0
97f545d6b,0
6e7b8fa3b,0
a11b09e07,0
bcc60f666,0
3aa210981,0
75eca83b3,0
ffed2a555,0
edecaff0a,0
1fda84008,0
23052c6f1,0
f80c8bbf5,0
5fed86a73,0
77ad23821,0
5e69e6a8e,0
360538bb1,0
2b91acd3b,0
906ed5d8d,0
e925b2ba5,0
e7393ca3b,0
cfbc79ec1,0
2a8131dc4,0
34f820893,0
e6c5fe236,0
1a5872fb5,0
3469925a7,0
f41d18e37,0
c8c7e71fb,0
d12204c77,0
4374d5272,0
ef68e319a,0
e6c9612bf,0
87acecd2a,0
b0c17d5c1,0
4ce386ab0,0
7223d356c,0
6f09acc36,0
76b0d0576,0
2688859c7,0
39ceb1ff2,0
b5e238431,0
cad0e063f,0
8f04c2207,0
f0bdd22d9,0
816ada493,0
3526d7815,0
4c0a72203,0
acc347bb6,0
2d0832480,0
b0f5e118c,0
e8add9fd5,0
4cacbf1fc,0
8dc5fdc92,0
92b24e585,0
f40dffb83,0
18ed42876,0
2f57d711b,0
83a004123,0
4028851f0,0
377abf496,0
c2300272e,0
3b39970a2,0
915159fd1,0
6896dbe36,0
b9b88996b,0
b7882444e,0
755794886,0
026d342fe,0
5a00bf031,0
7fd945d34,0
049402ee8,0
a155b0167,0
0240a9430,0
a7464ddab,0
51d113f3a,0
f5a3fd7b5,0
25004084c,0
a2b4482dc,0
6c95b6248,0
56c86b9c0,0
cab155898,0
69e41bdea,0
532160a43,0
6c123c407,0
bada5fd0d,0
e1177c121,0
bff69770d,0
8f029f975,0
09c8ebae3,0
4f06ca2cd,0
a9b1f63d0,0
bce37c882,0
ae05e03cd,0
869035e2d,0
0b1ddcd93,0
226a4258e,0
c4a376520,0
b78e121dc,0
26cf9ecfe,0
c87d22df3,0
15f331c1c,0
36c06efe6,0
68b3481c2,0
1218dabe7,0
437e2a9cf,0
7b1e459ef,0
8794f7787,0
9067fb1fe,0
a2d9d460e,0
ba763e4ad,0
e6c3f8ec8,0
67556ec2a,0
fb094c9bc,0
ba757db32,0
8f2f9d451,0
c5c1962bb,0
57b85fec4,0
01520f1c3,0
6201345ad,0
9a33c631b,0
be75bee29,0
4fd8099de,0
afd01aca5,0
459ef45ac,0
1c0c4fa86,0
d94097494,0
77b8cd935,0
db95e1a99,0
1b2d48186,0
7fc947bde,0
38fdf8c81,0
3cc7863f5,0
70c95a76c,0
a3d0ecd9e,0
3bef19347,0
057d2b6d4,0
d9aa13213,0
c2ad42df9,0
7b437ba4e,0
6115fb1ac,0
370c2501b,0
8a1f6d193,0
c2fe4e836,0
fcb500296,0
b2cdea1bc,0
7b506b5bd,0
eb09ff6cb,0
4575d8130,0
272457fe0,0
1971e15b7,0
72d1bf434,0
de847e487,0
53a6ecdc4,0
fb9a6a9b5,0
904f86ba0,0
c8349d602,0
978697ad4,0
2bd2ebfa9,0
760068096,0
a256f13ff,0
56bb538b2,0
1cb8e917f,0
46017b3ea,0
78f5768d9,0
47134493d,0
c571990d4,0
597ea383e,0
e635de77c,0
bcbc0ec93,0
36d4c70b5,0
581ead9fe,0
6387659fd,0
9ed93a956,0
4bc218fab,0
6b5cf2a71,0
972c95932,0
1f21ecd18,0
35e573945,0
e5540e0f5,0
a4a05f743,0
031a7c19c,0
3c425da53,0
6cf4b47c1,0
8960bdc5f,0
38765c6bd,0
d0411902b,0
c590e76b2,0
797d44519,0
43f34500d,0
562b2d688,0
f880b1d01,0
b64db46f3,0
4ea1d0d52,0
e27e698bf,0
2f0224a9f,0
e20191edf,0
d4a2a2f29,0
d95bb7f70,0
2b71757d7,0
0523c9801,0
57d3813ab,0
dac6805a7,0
ea16b16c6,0
06c56276e,0
07ce81250,0
46d8e8e19,0
6aefb94a6,0
f6dfa3eaa,0
1b8a45d4d,0
5e2f03974,0
d5e4303b9,0
d97675b32,0
05dc093b8,0
0af1026b6,0
56e37b524,0
f73820e9d,0
524961d31,0
8228ed988,0
920247fd4,0
f670aa5ac,0
8a4dedc87,0
2d1ee50cd,0
f1184530f,0
4f4574478,0
9009c7887,0
534764190,0
92d56d30f,0
dcbd123a6,0
114c7355e,0
209b4da16,0
43fdb00da,0
9a3a414d4,0
3c401022c,0
28aef7cc5,0
b7ad587a2,0
abd803ecf,0
aaafbe4e9,0
8de4ec677,0
d9e1e54c4,0
07184caac,0
9debacefe,0
ae8e3af92,0
d32d6ccd9,0
4cf56a9f2,0
3da7aadde,0
306cd2f2b,0
6504eee67,0
c72964068,0
e46dce22e,0
a6ade9e09,0
a8a8b4261,0
0b9841d58,0
7f5d5cb8f,0
f78d35dfd,0
241202d64,0
78ceb6218,0
2a40c5664,0
3e0dee547,0
7504b36cf,0
1f00c0495,0
8afd1d330,0
9cffa1c67,0
0e7c4c272,0
e7d7fec7d,0
2f90dff16,0
82a14f17f,0
0a63cce73,0
8e75c9098,0
a8c934e35,0
1711fd57d,0
433c9564f,0
5934fec49,0
7b1177392,0
1a6e886f2,0
89c19cf37,0
2ccf28e9f,0
894696267,0
20aea9077,0
69e822cce,0
0fdf5073b,0
9a2fc15d3,0
0905820a2,0
31750199b,0
4f756f230,0
a43f7fc0e,0
9c64cb14d,0
4e8b618c7,0
08302b7a3,0
f247862ee,0
d8346f57e,0
7dd683db0,0
a0bdfb2d3,0
9a970ddaf,0
707ccc2fb,0
d8437a7f7,0
669487461,0
5771f876a,0
6a6ad6ad3,0
78c19e86d,0
25e5d12e0,0
cd009e1a0,0
a21a2c1b2,0
d6c7e918e,0
56f31776d,0
d7e737749,0
117831b8b,0
82df3c1b6,0
5574a3c79,0
d710d0940,0
a475599ad,0
3d6f46c76,0
a7df3f054,0
b5422eec0,0
f6f3f541d,0
bce577229,0
2a5df761d,0
544ba8771,0
05c992976,0
a0ea70e97,0
d45c77b42,0
ae62dc8b0,0
dc2cac36b,0
5c597c7e1,0
25079853b,0
de06ff6f7,0
26806e9cf,0
a6672b875,0
2d40a8e47,0
e3fc821ef,0
2ce1e0b6a,0
dda771b4a,0
9154cfc20,0
392443fe6,0
3912b7506,0
6395b130e,0
a024aee0f,0
da4a55d56,0
e2e81b2c4,0
938b2ff4f,0
2f75192e2,0
261838dd1,0
2f5064517,0
6473786a6,0
1ef2e4de1,0
98cd24c97,0
bfb86b915,0
ea6121903,0
fd7cd952e,0
7fc99345f,0
4c25aa614,0
8c59b2b7f,0
4e686a694,0
bf6653e3f,0
3db5a2d90,0
ce824d546,0
19c5ba9b6,0
9944acf36,0
f95d4b24c,0
d46919710,0
2b7cf3253,0
d8749b8dc,0
6bc102ec4,0
0fedbbf5f,0
61e0f377c,0
6f50f7647,0
ca1b7fcd6,0
ec53f72bb,0
ff6213278,0
8c66b87c8,0
e1f45be9f,0
a567d4a59,0
69d14fa3b,0
5f2c16024,0
f90f6d589,0
003b89961,0
b9fb3d0cb,0
4dfa64964,0
9ce1a30b6,0
c63df66ce,0
08ffacb06,0
2bb868394,0
a7046c744,0
e34772216,0
a9cb1cf8a,0
3eee745a9,0
310f07ff4,0
64327e651,0
6485978a5,0
dca3a0787,0
a0301d0e5,0
6a29fea52,0
8a223576f,0
03f8a7638,0
67873d67d,0
8304d7230,0
39bb94d66,0
f822afd0d,0
2b4be937e,0
3496823c5,0
e1da2a9a7,0
be7a473f4,0
45c23ce20,0
894eeb28d,0
9a167fc40,0
7182235fe,0
ec09668c7,0
98dba17d5,0
bcbb5c787,0
ba23c645d,0
1f3e62b48,0
a11918aa3,0
2406dc526,0
f91c76038,0
ab06cb3c9,0
ec357f612,0
53d1111f9,0
0d6befa42,0
b145fd2da,0
54b876ff5,0
22cecb30b,0
f35bba490,0
d5888b919,0
c2d849108,0
c74e100ff,0
0d0b4631c,0
73f18defc,0
7af25ae57,0
288510b49,0
6034d93d9,0
78c58095d,0
3ed70f179,0
68d5dc3c5,0
8b423a167,0
9e9f2f914,0
258ff457c,0
fea37b294,0
7a011cb30,0
2a017a2ec,0
a939e29d9,0
b2b4ffcd2,0
5f66aedb4,0
7894b3f5a,0
da2d9bde4,0
b8c5eeb8b,0
4a03138df,0
c3a60c66b,0
014bc73f0,0
906121480,0
a622a8c05,0
69ed9d7a3,0
06291a920,0
4e43a75b1,0
a83db002c,0
311799a0e,0
4e4504ced,0
a599e44b9,0
52178db26,0
d9268cb57,0
2d0752813,0
47830a2a1,0
bc199fa70,0
a8ae0ccc3,0
7cca3e7ec,0
f86503c22,0
2178a407e,0
be5a25da8,0
2f8b40852,0
d314c03fd,0
2f4a6e151,0
3d000dd19,0
d7a9e0691,0
18d6844a0,0
b2662c86e,0
77f6880d2,0
974a99cd3,0
44fb03a32,0
b30c2d7fb,0
b5860475f,0
d31117d38,0
e752f8dfa,0
e646d3124,0
a80f444a2,0
f5b855bb6,0
5153e1522,0
478fd662e,0
a85a06d9b,0
4479a460c,0
53be7448d,0
9416364da,0
30e82e694,0
a1ca4c928,0
0bdbc4859,0
5bd9a3483,0
bed5ebc31,0
fc354c0c0,0
c4c78dc65,0
496bb2adb,0
b0d0e7cd7,0
043666ac5,0
56737d31f,0
e7d33e06f,0
a1b4dc452,0
7eed3c569,0
645e0448d,0
c359190d8,0
c32f14d9e,0
ea8dfdeb3,0
21ca80954,0
eac0fd0b9,0
25a24e8b6,0
cc4399647,0
c6baa2b95,0
e24d7d290,0
523ec62fa,0
3cd423fb6,0
bb0e5dbe4,0
f49141ac9,0
9e421d059,0
37b17ad81,0
dbb2bf69b,0
4156a2861,0
48490759b,0
a1ecb0622,0
d2dc27a1c,0
99617ebe0,0
af4d8f92b,0
d1e91d28a,0
23e50dcaf,0
7c8c55147,0
17c2e1b73,0
3dff55658,0
cd88f6d4a,0
8198687fe,0
eef5aa7f3,0
665bfe8f5,0
25405d6c9,0
20ac1c597,0
dd20b2594,0
9ec15c151,0
2a5e80a12,0
61f07f2d3,0
01863f6d7,0
5eb9825ce,0
940485a6a,0
9409f8d69,0
f9b4d0e4a,0
0551c57d5,0
2212d47f2,0
db735ff57,0
6db4781a7,0
b9bae6b0e,0
237fe1fb0,0
48e65f113,0
1da642ca9,0
fbc29acc1,0
ce434f86b,0
4aea86d3c,0
ef591cabd,0
6e644aad3,0
85d30d942,0
719e9e88d,0
da76579e7,0
85e11330f,0
7b1267e49,0
c223fc7dd,0
07f963c50,0
91212615a,0
7e517b238,0
6c14532cd,0
32a2079ff,0
23d5c512f,0
c1c3919f0,0
4bf7df629,0
ed55919e7,0
5b89103cf,0
7c10f4b8b,0
bda439192,0
f250dd64e,0
dc680460e,0
688223573,0
656a556b0,0
cb02dfd8e,0
35faa30eb,0
5aab08428,0
ecd73311b,0
946ef4894,0
e3beb7e77,0
1d1b18d38,0
faa0dd647,0
f95b41656,0
6025abd59,0
37090107a,0
a2606d96b,0
6e4e60f69,0
f6610b1d4,0
d1b715fc8,0
9040a1e5f,0
408b2d234,0
352a2c45f,0
9e3ca10fb,0
d39b5658a,0
5413350ec,0
c652a7499,0
79cb3514c,0
7cb07f8df,0
35b89eb8c,0
64f0cfc26,0
e3b70ca71,0
648319d0a,0
a94c4d821,0
323884b26,0
8c0995d82,0
b96651b6a,0
fe195b05f,0
ddd24583b,0
2ee5a9066,0
1c4ad0e13,0
9c2f4d9ba,0
4d88ed603,0
5e35708ec,0
c2a426d70,0
75d3452c1,0
a7e869862,0
c162978be,0
aeefaa66b,0
2309219de,0
53d9b87f7,0
a44826a0e,0
f21ab1aa2,0
1a7463151,0
f938ff523,0
c01254e45,0
2cba09f03,0
14fe67e77,0
82f95de55,0
1867b3487,0
4d0ffe92c,0
f65475a24,0
78a777eeb,0
d6ded3726,0
2a94eba93,0
0e538051c,0
43e458e40,0
57cdc3f59,0
ce028c60d,0
dbe5bf31d,0
c301cdf4a,0
dfb75caba,0
8664c38e5,0
3c22e0a0e,0
3b197ec5c,0
45093c3fd,0
fb8d27d87,0
4948e3ecd,0
4acd9d511,0
f1f288bd8,0
77759374e,0
c7cd71880,0
02e2f1ca6,0
f0dc59c83,0
339153138,0
f938b8711,0
6fbdee8bb,0
5f15c8bd6,0
78a91fc04,0
897e8e24d,0
05a947c38,0
2e478a3cb,0
36f394d24,0
1ac65f43b,0
4dbc5fc3c,0
bf8a78505,0
8d0b21b05,0
0bc95f66e,0
5172a3da6,0
fe3642b3d,0
14024c433,0
cfe404d71,0
96993f959,0
d9d6e7525,0
bb9565c29,0
ee2886544,0
6d48de3df,0
ee705e49b,0
b80ea5db7,0
d4610121f,0
b7aca2c8a,0
6f845c04e,0
4c039d563,0
dfceb73a0,0
83abaef21,0
10bd19c33,0
c3d234832,0
97cf2d9a6,0
94da0ee7f,0
7a538b99e,0
4c9f8b6cb,0
e87c94e9b,0
26444f504,0
cbbe148a1,0
25db0cefa,0
7bba13923,0
a5b6a29c8,0
6a1072588,0
e0c7c20d8,0
359625cf3,0
f029a3429,0
3b7f6b220,0
cdfa5a4b8,0
110f7428e,0
2858fae7c,0
83302ca82,0
cf1ad8706,0
769f6fb8d,0
4c1941cfc,0
49292d94c,0
ba32fd161,0
af181a2a3,0
25faa6813,0
6a414839c,0
fd1ebe8cb,0
070a1abea,0
24bc9be2b,0
9dbd813fd,0
52dd86f38,0
98033c300,0
6cf44ae8e,0
95d50723d,0
8257df18f,0
5dd6b63d9,0
677dcf9b6,0
b05b5e5ed,0
4de97f685,0
3665f35e2,0
f83823a7e,0
92e74b080,0
d36d163c8,0
d08960735,0
2fa4ca1db,0
3bd1136ef,0
63ac3780f,0
6fcd677ac,0
bbc846996,0
353d4bd0e,0
151b27a24,0
f88f94471,0
7271d34ab,0
e758b0185,0
b77626f46,0
5d796ff7a,0
9a879fb6d,0
0b1605a22,0
eb5ed44cb,0
829bcc49e,0
e2e96c56a,0
dd9f61326,0
0501292e5,0
99f5a507a,0
6285f24d7,0
90a369187,0
600da56b9,0
e109f9b0a,0
1bf635fcd,0
04ec1f692,0
e8636b839,0
9caf3507d,0
d8f8bccc5,0
501396f2e,0
ddc1eacff,0
b17ebaed0,0
8899c2050,0
7d6a2ef07,0
1f42a9439,0
b8e1080ce,0
911c029b5,0
08c3da1cd,0
a391d5adc,0
87a93b8d6,0
b2d489e27,0
1f937e111,0
5998b063c,0
a42065058,0
50749d154,0
7c9f01509,0
8fa8ee1c5,0
bd439cf5e,0
cbff5d0c1,0
40eda589a,0
8a693ad10,0
5d06b5c76,0
4d8731d6a,0
9e006b3d6,0
fb56bcd7d,0
87827d39e,0
74837e719,0
a1eee5a29,0
5e56f69f6,0
d0f992c31,0
93f493575,0
c8b1673ca,0
7089f8683,0
26914358f,0
0aa405eec,0
44ad68c26,0
e6dc466d6,0
10c4c8d44,0
ab254cf0a,0
8918114fb,0
2939aa5df,0
e75ba2d32,0
3debf4070,0
fd311eab7,0
d8909ecab,0
a86d3684a,0
9b28c9ce7,0
0875c4f20,0
a4841f6e7,0
5acae87e6,0
6f9686457,0
97de1dee0,0
0c3928144,0
3d9c51d3d,0
9d8d9607d,0
536be8fe7,0
ac869f858,0
841a4bd7b,0
6e16e769d,0
377b22380,0
e0a576d7f,0
007258826,0
7dbc5a9f3,0
fe1615399,0
bc08f60aa,0
441472ae6,0
651a0b6cf,0
a29fae12a,0
29fd845c1,0
63de51e03,0
d31f5a836,0
37cb79b63,0
da176437c,0
f69a85264,0
1aa8492a8,0
a810efddc,0
99f271a51,0
9167143fd,0
67fa9ad3f,0
a8a7882c3,0
6f725ddd0,0
eeb419776,0
121fc6463,0
b688ee356,0
7e3369c19,0
05bd91dd4,0
8af4a8896,0
c1f89f237,0
e028101c5,0
4e1eb807f,0
6bc2469f2,0
07ccfbc89,0
3680129ae,0
a1cce28af,0
86f5cdedd,0
8d4368f5c,0
a575e3bf7,0
28c5b096e,0
f16b7e08b,0
1fb27e305,0
69c63b4fd,0
3d44a717d,0
f26f199fb,0
69239f8e7,0
4e99c537e,0
5940f63c4,0
23ea06b99,0
fd2bd5f1e,0
c39bb3b9f,0
ef9f75d12,0
d8f64062f,0
27455ebf9,0
4751e93ad,0
319090100,0
3f315b0cc,0
abd018788,0
e44ef0f10,0
0d558f91e,0
51c386b65,0
0faa6c65f,0
da1b9b717,0
b95364dd0,0
89ea4a518,0
affce3819,0
99c05f8d5,0
3a456593e,0
075d6bb86,0
fe0e1d7c2,0
51f607616,0
5285b9c84,0
3df11cf29,0
b45b3f474,0
733de405f,0
f4672d1aa,0
9d77e8b46,0
771b14071,0
431a635c0,0
054de124f,0
8261e8f5b,0
7e6854001,0
7b1773554,0
035d2bcd9,0
537f040bd,0
a22110e6d,0
41ab6b40a,0
4dc902039,0
502aa0fed,0
71d39517b,0
e1f685853,0
aeb2bab6c,0
e12b35292,0
b8f76869d,0
50bb7de2d,0
8a361b630,0
a4cd1d43c,0
146fc86a4,0
1d73dffbc,0
c7d865058,0
40daf3243,0
9ec91d6b5,0
82aa265b0,0
c36c6ab5a,0
a025436a1,0
6896b5c5a,0
ac63c6d38,0
4b49bfc87,0
abddbf3d0,0
fc7362a16,0
264d83a6c,0
71c57f5bf,0
0395f93d8,0
64213e873,0
96f729725,0
401730197,0
03e5f5846,0
ee64fb7d1,0
392d70bc1,0
ac6d42eca,0
1f65738b8,0
9b608697d,0
396d20b5d,0
cc599caf1,0
4cb8ab033,0
fc2f9869f,0
423c62bbd,0
3cb2f9e9c,0
e269805f6,0
674e50421,0
e774787e4,0
d97f377fe,0
7547be627,0
501229169,0
bca2de14e,0
1d88115ad,0
aec93bbc4,0
2a99b0118,0
532c117fc,0
7ce82e1a4,0
06a271f97,0
138275e36,0
564a0856d,0
1f673a775,0
90b57e4a0,0
2c302c916,0
34302ff94,0
6f84aa228,0
9cd366371,0
4f4f5f14e,0
ce1019f58,0
8dbc94744,0
66e6f6938,0
fb8be9bfa,0
7d6edd6f1,0
b1f3717dc,0
d01453352,0
27391414f,0
00e4f514e,0
431dab6d7,0
250f30059,0
61f3da6ae,0
dc7a50dab,0
e7638c0a5,0
0b9edd8f9,0
b63c59f86,0
462a4b1f1,0
c964a7aa9,0
0ea779a14,0
88f6fd6e4,0
5c9aadf3b,0
7a8d95cdd,0
47611c7b0,0
bcd68e6b2,0
a6ad089f9,0
815b552f8,0
57f44a56f,0
ce6b9b704,0
5287898d3,0
d66dec02b,0
e2a511303,0
18b1c8787,0
dcf4672c6,0
56cafc1c8,0
4a5d43a96,0
98bb92c1e,0
39e73d88c,0
2a98afbbb,0
d12bd1d03,0
a2ca3206f,0
6f88cabe1,0
0d8d7ecde,0
1770a3955,0
5c5a534e3,0
a9a93e3a0,0
7cac453ad,0
08710eaac,0
53ef32294,0
5e45c97c9,0
ff5892e0a,0
3569ab6df,0
29c460e2b,0
e56916c4c,0
f553000bb,0
27e7900b8,0
925de0d45,0
404661213,0
1b0684dc7,0
d18ee118e,0
7dd20f99e,0
631f04e66,0
afbd78d62,0
c9a7eae13,0
694b396d4,0
c3ddcd12d,0
762c5e25b,0
16f9971d1,0
b33fe8ed7,0
d0bd30dd2,0
20e92f82d,0
0d7eab0ce,0
fd0121113,0
abd425a9c,0
5eb03fbd3,0
f2cb54027,0
1b7916b63,0
b466a17e8,0
931cd1858,0
e4e16eb70,0
4f1f1670a,0
9efbbd641,0
ddd367d19,0
6094552e3,0
e9483b3b2,0
9d7b004b2,0
0571dcc03,0
052e7f031,0
3744d58d1,0
075602d66,0
b4d954bdc,0
f84335116,0
6ab138316,0
